season,Comp,Player,Squad,Min,Pos
2017-2018,es La Liga,Álex Gálvez,Eibar,360,DF
2017-2018,fr Ligue 1,Mexer,Rennes,1201,DF
2018-2019,it Serie A,Pepín,Parma,77,MF
2018-2019,fr Ligue 1,Mexer,Rennes,2469,DF
2018-2019,fr Ligue 1,Jordan Pefok,Rennes,608,FW
2019-2020,es La Liga,Antonio Cortés,Granada,181,FW
2019-2020,es La Liga,Nico Ribaudo,Espanyol,182,FW
2019-2020,it Serie A,Anderson Lima,Lazio,62,Off_MF
2019-2020,fr Ligue 1,Hianga Mananga Mbock,Brest,141,MF
2019-2020,fr Ligue 1,Jordan Pefok,Rennes,440,FW
2020-2021,es La Liga,Jony Álamo,Elche,73,Def_MF
2020-2021,es La Liga,Emmanuel Amankwaa Akurugu,Getafe,45,DF
2020-2021,es La Liga,José Antonio Miranda,Getafe,26,Off_MF
2020-2021,es La Liga,Unai Arietaleanizbeaskoa,Eibar,47,FW
2020-2021,es La Liga,Alejandro Blesa,Levante,11,MF
2020-2021,es La Liga,Álex Cantero,Levante,237,FW
2020-2021,es La Liga,John Joe,Getafe,65,Off_MF
2020-2021,es La Liga,Lauti,Celta Vigo,14,MF
2020-2021,de Bundesliga,Moanes Dabbur,Hoffenheim,999,FW
2020-2021,de Bundesliga,Kasim Nuhu,Hoffenheim,987,DF
2020-2021,fr Ligue 1,Hianga Mananga Mbock,Brest,458,MF
2020-2021,fr Ligue 1,Loris Mouyokolo,Lorient,19,DF
2021-2022,es La Liga,Isaac Carcelen,Cádiz,1544,DF
2021-2022,es La Liga,Miguel Juan Llambrich,Espanyol,70,DF
2021-2022,es La Liga,Anthony Lozano,Cádiz,1672,FW
2021-2022,es La Liga,Tachi,Alavés,239,DF
2021-2022,es La Liga,Mircea Ţîrlea,Alavés,15,DF
2021-2022,it Serie A,Simeon Nwankwo,Salernitana,842,FW
2021-2022,it Serie A,Freddie Veseli,Salernitana,596,DF
2021-2022,fr Ligue 1,Vagner Gonçalves,Metz,86,FW
2021-2022,fr Ligue 1,Hianga Mananga Mbock,Brest,799,MF
2021-2022,fr Ligue 1,Nelson Sissoko,Saint-Étienne,45,DF
2022-2023,es La Liga,Ezequiel Ávila,Osasuna,1709,FW
2022-2023,es La Liga,Abde Ezzalzouli,Osasuna,1504,FW
2022-2023,es La Liga,Mamadou Fall,Villarreal,30,DF
2022-2023,es La Liga,Maxi Gómez,Valencia,108,FW
2022-2023,es La Liga,Diego Iturralde,Sevilla,45,DF
2022-2023,es La Liga,Moises Parra Gutierrez,Getafe,10,FW
2022-2023,es La Liga,Pascu,Villarreal,10,DF
2022-2023,es La Liga,Francisco Perez,Valencia,141,FW
2022-2023,es La Liga,Simo,Espanyol,148,DF
2022-2023,fr Ligue 1,Amar Ahmed,Troyes,20,FW
2022-2023,fr Ligue 1,Jordan Dongmo,Troyes,20,MF
2022-2023,fr Ligue 1,Paolo Lebas,Ajaccio,55,MF
2022-2023,fr Ligue 1,Ruan Levine,Ajaccio,24,Off_MF
2022-2023,fr Ligue 1,Hianga Mananga Mbock,Brest,15,Off_MF
2022-2023,fr Ligue 1,Mo Touré,Reims,23,FW
2023-2024,es La Liga,Ezequiel Ávila,Betis,298,FW
2023-2024,es La Liga,Abde Ezzalzouli,Barcelona,68,FW
2023-2024,es La Liga,Abde Ezzalzouli,Betis,865,FW
2023-2024,es La Liga,Xabier Huarte Armendáriz,Osasuna,9,MF
2023-2024,es La Liga,Anthony Lozano,Getafe,92,Off_MF
2023-2024,es La Liga,Samu Omorodion,Granada,80,FW
2023-2024,es La Liga,Nicolás Paz,Real Madrid,23,Off_MF
2023-2024,de Bundesliga,Kasim Nuhu,Hoffenheim,5,DF
2023-2024,de Bundesliga,Jordan Pefok,Gladbach,1420,FW
2023-2024,de Bundesliga,Jordan Pefok,Union Berlin,27,FW
2023-2024,de Bundesliga,Ole Pohlmann,Dortmund,54,Off_MF
2023-2024,de Bundesliga,Gio Reyna,Dortmund,280,Off_MF
2023-2024,it Serie A,Kostas Manolas,Salernitana,488,DF
2023-2024,it Serie A,Simeon Nwankwo,Salernitana,686,FW
2023-2024,it Serie A,Pepín,Monza,241,MF
2023-2024,fr Ligue 1,N'Guessan Kouadio,Metz,110,MF
2023-2024,fr Ligue 1,Abou Lô,Metz,197,Def_MF
2023-2024,fr Ligue 1,Joshua M'Bahia,Clermont Foot,14,Def_MF
2023-2024,fr Ligue 1,Hianga Mananga Mbock,Brest,9,Off_MF
2024-2025,es La Liga,Darío Fuentes,Sevilla,5,DF
2024-2025,es La Liga,Diego Iturralde,Sevilla,37,FW
2024-2025,fr Ligue 1,Carlos Gómez,Rennes,381,Off_MF
2024-2025,fr Ligue 1,John Joe,Reims,545,MF
2024-2025,fr Ligue 1,Emmanuel Koum Mbondo,Marseille,12,DF
2024-2025,fr Ligue 1,Elysée Logbo,Le Havre,27,FW
2024-2025,fr Ligue 1,Hianga Mananga Mbock,Brest,21,MF
2024-2025,fr Ligue 1,Jordan Pefok,Reims,380,FW
2024-2025,fr Ligue 1,Musa Al-Taamari,Montpellier,1116,FW
2024-2025,fr Ligue 1,Musa Al-Taamari,Rennes,567,FW
2025-2026,eng Premier League,Emi Buendía,Aston Villa,769,Off_MF
2025-2026,eng Premier League,Sávio,Manchester City,541,Off_MF
2025-2026,es La Liga,Ezequiel Ávila,Betis,61,FW
2025-2026,es La Liga,Rahim Bonkano,Oviedo,1324,DF
2025-2026,es La Liga,Brugui,Levante,896,Off_MF
2025-2026,es La Liga,Joaquín Martínez Gauna,Sevilla,385,DF
2025-2026,es La Liga,Francisco Perez,Rayo Vallecano,690,FW
2025-2026,es La Liga,Abde Rebbach,Alavés,764,Off_MF
2025-2026,de Bundesliga,Julian Chabot,Stuttgart,1087,DF
2025-2026,de Bundesliga,Yannik Engelhardt,Gladbach,1150,MF
2025-2026,de Bundesliga,Álex Grimaldo,Leverkusen,1010,DF
2025-2026,de Bundesliga,Castrop Jens,Gladbach,687,MF
2025-2026,de Bundesliga,Gio Reyna,Gladbach,381,Off_MF
2025-2026,de Bundesliga,Max Rosenfelder,Freiburg,229,DF
2025-2026,it Serie A,Ben Cremaschi,Parma,21,Def_MF
2025-2026,it Serie A,Oliver Nielsen,Lazio,307,DF
2025-2026,it Serie A,Nicolás Paz,Como,1618,Off_MF
2025-2026,it Serie A,Ibrahim Sulemana,Bologna,45,MF
2025-2026,fr Ligue 1,Abner,Lyon,890,DF
2025-2026,fr Ligue 1,Dehmaine Assoumani,Nantes,699,MF
2025-2026,fr Ligue 1,Igor Carioca,Lorient,675,DF
2025-2026,fr Ligue 1,Junior Diaz,Brest,649,DF
2025-2026,fr Ligue 1,Junior Dina Ebimbe,Brest,349,FW
2025-2026,fr Ligue 1,Rafael Gonçalves,Strasbourg,239,MF
2025-2026,fr Ligue 1,Alexander Legendre,Rennes,10,DF
2025-2026,fr Ligue 1,Mbwana Samatta,Le Havre,689,FW
2025-2026,fr Ligue 1,Musa Al-Taamari,Rennes,994,DF
