Season,Squad,n_players,minutes_total,OffScore_squad,MidScore_squad,DefScore_squad
2017-2018,Alavés,28.0,34128.0,299.0185198850133,255.98828572710048,417.06643692292346
2017-2018,Amiens,28.0,34114.0,272.55330965266177,275.9533992866392,459.57615839847176
2017-2018,Angers,24.0,34133.0,355.74735719320313,399.7466634269648,344.36802898624626
2017-2018,Arminia,22.0,30530.0,208.88737682823117,137.28861150859169,182.98438725139036
2017-2018,Arsenal,28.0,34125.0,495.63752564529307,504.54479829584784,415.77296598686314
2017-2018,Atalanta,22.0,34098.0,445.197915877858,447.9557863848052,416.0230605283091
2017-2018,Athletic Club,24.0,34200.0,270.7085815853602,352.9446133719529,419.1551615715614
2017-2018,Atlético Madrid,23.0,34120.0,438.89037084315527,392.2782400149933,462.8322274164931
2017-2018,Augsburg,25.0,30608.0,310.8323641129662,307.54339032037086,417.6608179605003
2017-2018,BTSV,28.0,30560.0,143.53181684481052,80.19742210460373,171.28152902679224
2017-2018,Barcelona,23.0,34128.0,625.2880320633117,436.7883822402602,389.8080472861998
2017-2018,Bayern Munich,25.0,30690.0,505.2290635956933,541.1478954098719,360.405512365686
2017-2018,Benevento,36.0,33930.0,266.5078359389023,456.9245443679803,424.6192160622941
2017-2018,Betis,26.0,34106.0,363.71030722872393,510.3887172267366,391.2171479714724
2017-2018,Bochum,25.0,30576.0,188.1233528415492,66.3134419949022,163.36465088625565
2017-2018,Bologna,27.0,34090.0,274.7958457325298,282.4397049477359,444.85503780615517
2017-2018,Bordeaux,29.0,34175.0,398.4455010450799,355.8273268806174,373.8855196509746
2017-2018,Bournemouth,21.0,34227.0,309.66915125216536,394.8442424127405,472.9033751511798
2017-2018,Brighton,23.0,34174.0,279.211556207085,303.4226170134754,424.51778545922434
2017-2018,Burnley,21.0,34199.0,254.47358645560445,290.69330034392357,446.42023650136224
2017-2018,Caen,24.0,34091.0,270.75239370106925,384.2790341466446,440.7936473589951
2017-2018,Cagliari,26.0,34133.0,248.08396188040427,359.336919336116,433.96546821435516
2017-2018,Celta Vigo,21.0,34164.0,407.9505605709751,348.6835112812162,446.078472672882
2017-2018,Chelsea,24.0,34068.0,388.36935300081785,394.7044426567377,408.0965016702444
2017-2018,Chievo,24.0,34115.0,279.0135367804468,323.1005181595918,411.36208703370244
2017-2018,Crotone,28.0,34103.0,260.82508860085284,280.40180940997965,457.3043198594283
2017-2018,Crystal Palace,26.0,34200.0,303.13865514248585,346.206345240827,433.78899218646137
2017-2018,Darmstadt 98,27.0,30538.0,140.4693786835492,83.37083867961975,188.86694157755346
2017-2018,Dijon,25.0,34112.0,361.4928005961174,369.8629177492834,429.87735671306774
2017-2018,Dortmund,28.0,30508.0,453.84356922756325,497.7233401483787,411.46808194739083
2017-2018,Dresden,23.0,30558.0,131.8579618666694,52.8866436821494,170.61086307487298
2017-2018,Düsseldorf,21.0,30598.0,237.61815170172903,127.06309300426082,194.17432116382784
2017-2018,Eibar,23.0,34165.0,290.3972202026635,272.72831060422163,393.87325993521665
2017-2018,Eint Frankfurt,26.0,30560.0,280.1902670695986,346.0808657862996,444.4938857902997
2017-2018,Erzgebirge Aue,20.0,30492.0,164.88458026533144,65.45401890278363,189.21945803249403
2017-2018,Espanyol,23.0,34148.0,304.553875094384,301.28810293166003,428.8536304780418
2017-2018,Everton,29.0,34171.0,270.2039312492775,227.92585051735557,434.8376007715046
2017-2018,Fiorentina,25.0,34029.0,350.6402784414622,441.71461347760305,422.69651792625467
2017-2018,Freiburg,27.0,30407.0,272.1540698957269,373.2518343080061,424.67494195466264
2017-2018,Genoa,31.0,34291.0,303.9419443588812,325.09145047445224,387.09947598689115
2017-2018,Getafe,29.0,33983.0,245.93769898470416,209.30934413753477,409.45827304746416
2017-2018,Girona,23.0,34200.0,368.4104594134515,427.9741599070533,362.88134595994467
2017-2018,Gladbach,24.0,30608.0,330.860359531635,270.5851934995969,396.52843925830825
2017-2018,Greuther Fürth,27.0,30568.0,105.2524146897779,79.34276017819893,184.7015363762816
2017-2018,Guingamp,21.0,34140.0,318.589721285408,349.90288671241757,414.37696110237334
2017-2018,Hamburger SV,27.0,30527.0,258.83231538076865,308.13666200518855,445.15027549460274
2017-2018,Hannover 96,24.0,30572.0,360.4608105884841,409.48084794537067,470.048633648204
2017-2018,Heidenheim,24.0,30532.0,175.58355339021122,113.54248717967711,176.43676189412747
2017-2018,Hellas Verona,30.0,34154.0,203.3649723664322,336.2410258793408,465.41259755465046
2017-2018,Hertha BSC,23.0,30471.0,303.74909128865914,292.64411246493614,414.0459197000813
2017-2018,Hoffenheim,25.0,30600.0,366.9845703267703,465.8432170118373,447.81420358689275
2017-2018,Holstein Kiel,23.0,30584.0,314.1771271510194,157.71022321236188,259.7739397561378
2017-2018,Huddersfield,24.0,34138.0,213.43775512986463,332.9047862868905,461.86331858926803
2017-2018,Ingolstadt 04,25.0,30477.0,181.61732866565188,36.920179205870966,201.42033137162778
2017-2018,Inter,21.0,34128.0,431.6938686097021,487.592547279261,388.381527327618
2017-2018,Jahn R'burg,19.0,30589.0,181.7489494213904,93.13791173885005,176.90090685387355
2017-2018,Juventus,21.0,34150.0,463.56153284813496,441.3615776424069,354.3276545649723
2017-2018,Kaiserslautern,28.0,30476.0,157.09998308733142,76.09363333049797,167.95679134871787
2017-2018,Köln,30.0,30600.0,291.3515368711817,338.9406134719107,458.0337051826872
2017-2018,La Coruña,27.0,34095.0,330.1891075928882,309.41352662174484,447.011763516861
2017-2018,Las Palmas,34.0,34136.0,233.67670296343528,323.32934319791394,428.8981668963797
2017-2018,Lazio,23.0,34120.0,601.8412359511706,493.54327190388614,367.5537456316379
2017-2018,Leganés,25.0,34068.0,222.30304509457247,263.3656267077373,424.29096622706317
2017-2018,Leicester City,24.0,34092.0,363.82442972010733,268.01775640191084,397.2661377255789
2017-2018,Levante,30.0,34118.0,304.4032517198372,388.73723147359016,394.46195390589304
2017-2018,Leverkusen,22.0,30403.0,420.9407448462459,415.93149398088764,424.62132552364875
2017-2018,Lille,23.0,34066.0,326.02655357214695,386.21252736938226,407.8865352115821
2017-2018,Liverpool,25.0,34147.0,578.2393535910309,473.6192510907412,369.366230646776
2017-2018,Lyon,24.0,34104.0,531.1201866221016,376.8313342944006,384.70741874528386
2017-2018,MSV Duisburg,22.0,30600.0,183.09865802382095,93.53454340926292,206.0997944954513
2017-2018,Mainz 05,24.0,30552.0,239.67178318713562,345.7225304591191,491.6072192706717
2017-2018,Manchester City,23.0,34152.0,602.4658189069015,506.1282128960202,327.99422572497963
2017-2018,Manchester Utd,24.0,34183.0,431.9005587634049,458.98007367060893,415.22694525155026
2017-2018,Marseille,23.0,34147.0,474.90177369762216,320.0051264381646,383.50804106638924
2017-2018,Metz,33.0,33934.0,324.2166815143679,337.86968781154013,393.7026079650683
2017-2018,Milan,22.0,37128.0,324.6718085672878,265.8936087829532,363.83539581871435
2017-2018,Monaco,29.0,34081.0,463.0599650258016,485.1579400085834,410.26513909474727
2017-2018,Montpellier,22.0,34191.0,314.19642662603496,357.05222092671954,397.4842223638631
2017-2018,Málaga,35.0,34059.0,205.539129665706,296.15153331455866,421.2094271663799
2017-2018,Nantes,27.0,34035.0,261.4030947869617,301.45567879278406,431.38454971905855
2017-2018,Napoli,21.0,34095.0,473.67450941068336,530.4312953883092,327.7712440516489
2017-2018,Newcastle Utd,23.0,34152.0,275.4467636091542,359.25815366900565,395.20264232620923
2017-2018,Nice,28.0,34066.0,376.93456165174206,442.9536017154419,425.63547136603427
2017-2018,Nürnberg,25.0,30643.0,172.4275509370625,137.6726787311858,141.41573489700656
2017-2018,Paris S-G,26.0,34003.0,631.2362086198508,513.2481734540262,344.31658368995335
2017-2018,RB Leipzig,21.0,30449.0,416.0142254674829,573.1149152038323,453.1360988412404
2017-2018,Real Madrid,21.0,34158.0,601.8825462363476,574.9447422728327,372.8410572376216
2017-2018,Real Sociedad,23.0,34163.0,389.78598869328823,402.53942255107,365.4448695637458
2017-2018,Rennes,25.0,34077.0,328.69713762732465,394.123929226611,380.9879073706279
2017-2018,Roma,24.0,34083.0,404.16813960657,455.5919170797102,380.6394745451307
2017-2018,SPAL,26.0,34102.0,255.92285092007415,391.0296013078705,431.1686039716576
2017-2018,Saint-Étienne,28.0,33958.0,339.44447550964856,309.7808568059354,388.40154144759026
2017-2018,Sampdoria,24.0,34086.0,450.1113804621837,409.40086548857636,360.31448725495574
2017-2018,Sandhausen,27.0,30634.0,123.4646007363426,65.45489436098252,166.98118168305055
2017-2018,Sassuolo,26.0,34100.0,271.11102489114114,351.7637048765181,413.5423264571145
2017-2018,Schalke 04,21.0,30571.0,314.98470633972823,464.7006821187199,497.8703485003289
2017-2018,Sevilla,29.0,34157.0,365.75697303597946,431.393823348872,439.85831287013826
2017-2018,Southampton,24.0,34195.0,285.2096797867329,306.7451685356021,395.38018092429144
2017-2018,St. Pauli,25.0,30535.0,120.86701845774105,80.65529750458607,222.56461850932874
2017-2018,Stoke City,28.0,34211.0,276.30080735264096,363.47961120280183,455.44631001612674
2017-2018,Strasbourg,21.0,34061.0,268.6894085305805,306.0774826066728,390.31535580500685
2017-2018,Stuttgart,25.0,30497.0,334.33837181473444,344.8203821482846,439.7055458446979
2017-2018,Swansea City,25.0,34121.0,211.58569415698628,365.72630907126086,394.82607798950727
2017-2018,Torino,25.0,34158.0,385.1240766982207,289.18526436261845,391.7053481859516
2017-2018,Tottenham,20.0,34140.0,479.05199265184666,353.05088454818946,365.89434528188985
2017-2018,Toulouse,24.0,34137.0,275.8304651627615,385.17873329093874,395.26779217173674
2017-2018,Troyes,23.0,33960.0,282.05369571999967,232.3239285573986,423.26053735150583
2017-2018,Udinese,25.0,34122.0,273.0722339742801,357.9445358126669,437.54437597013873
2017-2018,Union Berlin,23.0,30556.0,205.26794806811017,101.2198125084006,155.15808351471685
2017-2018,Valencia,23.0,34109.0,409.46262262543166,520.2045384237128,438.5463675629788
2017-2018,Villarreal,28.0,34058.0,395.1389461237799,385.5521932368952,432.284680423073
2017-2018,Watford,27.0,34049.0,276.3413622967988,372.58243258404707,393.9679134501245
2017-2018,Werder Bremen,24.0,30632.0,247.05478475222682,335.4178501776117,397.0854129263939
2017-2018,West Brom,22.0,34237.0,236.25712817218297,398.48689107640206,414.55252132052317
2017-2018,West Ham,25.0,34079.0,351.5915967773345,262.90778297661035,408.5713760581333
2017-2018,Wolfsburg,28.0,30533.0,279.8634053161073,345.255476111004,443.788109107238
2018-2019,Alavés,24.0,34133.0,295.7878464968223,260.09915902490724,420.0869421648117
2018-2019,Amiens,24.0,34089.0,243.42508070087757,318.8951919432115,373.7040190470326
2018-2019,Angers,21.0,34094.0,325.9838232861175,331.25370930758976,358.7388022704759
2018-2019,Arminia,22.0,30516.0,225.01420089574984,63.5803002883407,166.457151752594
2018-2019,Arsenal,26.0,34144.0,443.0677777082241,402.87054187961115,409.01263889604104
2018-2019,Atalanta,23.0,34180.0,513.8816509447906,497.0479133941056,373.4809583207477
2018-2019,Athletic Club,25.0,34128.0,245.0258767036522,290.9846235636347,436.73543220391144
2018-2019,Atlético Madrid,26.0,34035.0,344.62779292682785,401.1846649971779,385.0773084316376
2018-2019,Augsburg,26.0,30596.0,327.7796690772277,396.25449044653305,453.18886284842404
2018-2019,Barcelona,28.0,34134.0,597.3134581390709,463.2787407077024,354.3635248825655
2018-2019,Bayern Munich,21.0,30564.0,561.8874261275814,611.3725203155245,320.7905109730414
2018-2019,Betis,23.0,34189.0,282.2965460858212,434.25077118102917,433.70222001396166
2018-2019,Bochum,29.0,30480.0,237.41874707850693,97.05361608097817,166.71987497497875
2018-2019,Bologna,28.0,34114.0,310.9641816620015,426.2248297287336,386.00333952835416
2018-2019,Bordeaux,31.0,34026.0,326.3764216333742,312.40240684809555,392.8690386465154
2018-2019,Bournemouth,25.0,34170.0,393.6446029246125,286.5919634230066,410.98407663394124
2018-2019,Brighton,19.0,34039.0,245.41023459406705,286.9702306948723,412.62019228412447
2018-2019,Burnley,21.0,34199.0,284.5512830967036,369.44969107377347,435.9138256754407
2018-2019,Caen,25.0,34054.0,197.16783053545305,333.6224458829881,443.6926677623297
2018-2019,Cagliari,29.0,34127.0,301.8101805597484,370.1190701578602,369.2227078896221
2018-2019,Cardiff City,24.0,34167.0,250.4164308212627,277.534343888565,448.1674055217322
2018-2019,Celta Vigo,26.0,34062.0,392.04551734832165,259.2766998691178,408.89625136552206
2018-2019,Chelsea,22.0,34200.0,421.3983265068265,464.3784689217205,346.05137919707744
2018-2019,Chievo,33.0,34011.0,259.30025968609726,280.52345511895186,422.7385185678208
2018-2019,Crystal Palace,21.0,34178.0,300.08810221703123,427.50760709528146,410.62442093403206
2018-2019,Darmstadt 98,24.0,30578.0,198.36691967057865,119.69360385909408,164.35611177298452
2018-2019,Dijon,24.0,33977.0,225.81402257058824,365.9085684821866,416.4128171677456
2018-2019,Dortmund,21.0,30527.0,478.8332352638547,389.45540850099917,379.9583968476289
2018-2019,Dresden,23.0,30528.0,165.50912582751073,66.01347883028313,129.54491342223696
2018-2019,Düsseldorf,22.0,30591.0,382.9738508355777,461.6405210088795,415.71681131740337
2018-2019,Eibar,22.0,34151.0,294.3373919540213,364.67442918602717,339.7566103484552
2018-2019,Eint Frankfurt,27.0,30467.0,383.7695946266949,362.95815163564805,415.4258185691894
2018-2019,Empoli,26.0,34178.0,329.499014211328,414.3828855024607,348.69697847258954
2018-2019,Erzgebirge Aue,28.0,30550.0,225.53405581792202,61.236685757686416,167.49773708546078
2018-2019,Espanyol,24.0,34198.0,310.37458402160865,388.03941657465356,412.54787586591885
2018-2019,Everton,22.0,34073.0,344.22365421668803,309.420156849935,372.3881126074067
2018-2019,Fiorentina,24.0,34088.0,302.3918734955377,481.9607862942939,408.1033083770912
2018-2019,Freiburg,25.0,30545.0,277.6211110492484,220.44182753679962,437.4862623543148
2018-2019,Frosinone,31.0,34110.0,289.3205593210803,298.85989956444627,387.2806574724079
2018-2019,Fulham,25.0,34159.0,297.72431395144804,338.12119887021015,431.4398243138383
2018-2019,Genoa,28.0,33884.0,283.72941802643646,315.2767651113905,421.25504476707414
2018-2019,Getafe,24.0,34113.0,332.7737215194954,288.01334408971076,383.44496376358074
2018-2019,Girona,24.0,34112.0,270.0536803333712,420.39650061594693,416.58121659694655
2018-2019,Gladbach,21.0,30600.0,382.6229165449555,453.85591602197815,357.1225505041309
2018-2019,Greuther Fürth,24.0,30474.0,124.80913128912589,73.49437332333045,181.54138048248765
2018-2019,Guingamp,28.0,34026.0,244.93095156314453,298.15024593883743,360.51941158128517
2018-2019,Hamburger SV,25.0,30460.0,190.2466011866428,75.39224796737402,166.5467783465155
2018-2019,Hannover 96,29.0,30467.0,299.6367677249484,360.5571431063148,461.719254552475
2018-2019,Heidenheim,25.0,30548.0,259.866192890538,108.9021315884563,150.5982719512842
2018-2019,Hertha BSC,23.0,30524.0,321.37484130563683,420.6421017432968,413.3751133000715
2018-2019,Hoffenheim,27.0,30524.0,528.4525359724204,578.7220662316311,389.7458616549585
2018-2019,Holstein Kiel,25.0,30426.0,200.08299414988798,130.2545920661258,149.29445970956806
2018-2019,Huddersfield,28.0,33992.0,193.99867846548437,319.5287973684964,429.27887864061756
2018-2019,Huesca,27.0,34183.0,303.4469785168827,400.5047899685512,420.5576849136953
2018-2019,Ingolstadt 04,27.0,30395.0,157.12139375995966,53.46103415411665,169.5378171964833
2018-2019,Inter,22.0,34193.0,412.4351437750765,465.769301487999,333.38008826209335
2018-2019,Jahn R'burg,21.0,30531.0,263.8089697061676,99.17623537661453,191.99741511829413
2018-2019,Juventus,28.0,34116.0,458.48995857447017,481.0537411494535,345.08689806246804
2018-2019,Köln,24.0,30526.0,444.8148809751583,165.19669835435198,163.93187234356398
2018-2019,Lazio,27.0,34116.0,398.9330308876901,409.63671802060577,360.45156782646757
2018-2019,Leganés,27.0,34119.0,254.9435869446365,250.99012248971806,424.33547328386817
2018-2019,Leicester City,24.0,33975.0,317.0096061192356,301.7031592265773,396.22052464075625
2018-2019,Levante,23.0,34093.0,284.0715211777891,536.7277655407681,423.9423156166918
2018-2019,Leverkusen,19.0,30589.0,468.9158885787609,513.0231825509123,414.8458101110173
2018-2019,Lille,23.0,34114.0,431.6503210636328,419.7661461979881,373.87281115179
2018-2019,Liverpool,21.0,34188.0,499.015195307231,443.3180023660176,338.1791335909708
2018-2019,Lyon,22.0,34107.0,528.9316624022065,512.0466162994816,370.1923704140415
2018-2019,MSV Duisburg,24.0,30593.0,101.554103364501,84.00980674398335,146.1815121628559
2018-2019,Magdeburg,24.0,30571.0,154.44845698989133,78.67082075505058,160.99046879477814
2018-2019,Mainz 05,26.0,30600.0,369.475593903758,337.00100734139454,398.15108803512175
2018-2019,Manchester City,20.0,34198.0,566.5563987407954,557.2334423408298,314.3497884168125
2018-2019,Manchester Utd,26.0,34132.0,384.71007620921745,468.6855684657249,378.27439923431484
2018-2019,Marseille,21.0,34058.0,396.26475454711476,488.04032378941315,378.80263381454324
2018-2019,Milan,21.0,34148.0,377.9462174798955,388.87950543050374,383.4292610356168
2018-2019,Monaco,39.0,33969.0,296.90862625012517,416.2746059326207,383.7072126733341
2018-2019,Montpellier,22.0,34028.0,397.2698291477914,302.38246829352556,373.78400758985
2018-2019,Nantes,30.0,33963.0,277.59741220977304,388.1834807596151,446.44696095188954
2018-2019,Napoli,23.0,34090.0,499.01294659159396,500.7810598804342,355.68755124813083
2018-2019,Newcastle Utd,23.0,34141.0,297.6497461286629,323.40935869801143,441.29841695559696
2018-2019,Nice,28.0,34085.0,258.5448138373192,380.5945558133434,441.1126284272181
2018-2019,Nîmes,21.0,34023.0,297.3188472127028,520.8804759818787,403.02455840887654
2018-2019,Nürnberg,25.0,30380.0,207.4503599768123,226.03225372623763,410.2868495538546
2018-2019,Paderborn 07,22.0,30502.0,220.53511701360358,189.84875337752533,205.4810630804594
2018-2019,Paris S-G,28.0,34079.0,572.1554629195008,530.0145520814988,395.912908923984
2018-2019,Parma,27.0,34136.0,237.31492777801967,357.94832189665243,398.4779540666631
2018-2019,RB Leipzig,21.0,30599.0,399.70980318200367,569.4882425900016,420.3263478577712
2018-2019,Rayo Vallecano,27.0,34050.0,306.96752759835636,341.41651029789347,409.2277186940381
2018-2019,Real Madrid,24.0,34082.0,417.05290390089135,501.26605552591883,339.81891557464286
2018-2019,Real Sociedad,28.0,34122.0,323.524302936535,301.4793243609829,388.7788205240965
2018-2019,Reims,25.0,34101.0,301.6261707421149,363.83302322961345,400.3173112175604
2018-2019,Rennes,24.0,34105.0,351.8397441470652,420.73408972489113,365.7163760526425
2018-2019,Roma,24.0,34188.0,379.9635482918667,408.09916578459314,389.913117449822
2018-2019,SPAL,24.0,34143.0,293.7690732575367,455.2622607859524,373.8296614262622
2018-2019,Saint-Étienne,26.0,34019.0,415.1954354311849,358.37318351720813,366.8638648761193
2018-2019,Sampdoria,22.0,34150.0,447.4637241320149,384.77390048304284,384.6871195075329
2018-2019,Sandhausen,28.0,30599.0,184.2554751711607,44.26270552115201,147.34404517084008
2018-2019,Sassuolo,26.0,34048.0,333.3154044310684,465.05140772747484,382.6816441812172
2018-2019,Schalke 04,29.0,30491.0,269.67024869729306,325.4841217278073,450.99975957000345
2018-2019,Sevilla,24.0,34075.0,396.1538840647279,517.7687263854647,392.36157208310345
2018-2019,Southampton,26.0,34133.0,325.97775354430775,348.87242760239434,442.36591249387243
2018-2019,St. Pauli,28.0,30548.0,253.0885615712805,104.33951282369762,166.98569495312597
2018-2019,Strasbourg,23.0,34158.0,310.82116941148325,400.2713194911103,377.2030245421695
2018-2019,Stuttgart,25.0,30505.0,268.25589215835396,330.81156223007395,413.02028484104994
2018-2019,Torino,21.0,34149.0,367.2551005488424,412.94342481725386,403.1577586364874
2018-2019,Tottenham,24.0,34100.0,418.7902094790989,267.21174114040457,374.44458256688756
2018-2019,Toulouse,27.0,33995.0,308.5265385387653,344.246544721905,386.4303119761455
2018-2019,Udinese,28.0,34155.0,319.64125773442447,316.89395120834104,377.25441520506865
2018-2019,Union Berlin,22.0,30540.0,190.8322015963429,78.62899282278939,164.45934112159335
2018-2019,Valencia,23.0,34139.0,353.1906454997653,504.69490381187836,404.4849868680574
2018-2019,Valladolid,25.0,34197.0,233.03079805958743,400.89097096310354,398.4634230901686
2018-2019,Villarreal,24.0,34168.0,327.7261033546977,339.37341219828926,395.98578028431643
2018-2019,Watford,24.0,34017.0,326.2277128820942,378.19291149660165,393.86873823882956
2018-2019,Werder Bremen,20.0,30507.0,459.3099265818332,460.4953321667241,401.0930815338779
2018-2019,West Ham,25.0,34147.0,362.42756955818527,340.6298521297841,445.9378133002639
2018-2019,Wolfsburg,23.0,30600.0,380.1511350070863,434.4416365648773,427.45762271792825
2018-2019,Wolves,17.0,34127.0,367.8173975707963,423.17575399865035,416.40216071653913
2019-2020,Alavés,29.0,34030.0,270.19159403235676,206.86727018666357,354.88763079713976
2019-2020,Amiens,26.0,25029.0,282.024300308776,231.22052008938263,378.7159170058807
2019-2020,Angers,24.0,25164.0,312.8503056392427,421.13632566481846,333.67406564011685
2019-2020,Arminia,23.0,30570.0,283.94996066641244,145.52388237777174,104.03863412103875
2019-2020,Arsenal,27.0,34003.0,361.7632489339323,373.41566943797716,378.8763749003167
2019-2020,Aston Villa,24.0,34163.0,299.87914156469594,315.9416937442446,423.72146389761195
2019-2020,Atalanta,26.0,34130.0,656.443037443223,506.0109610104777,338.7041967927442
2019-2020,Athletic Club,24.0,34133.0,255.17547190960607,329.5755920153781,334.1283886472423
2019-2020,Atlético Madrid,25.0,34091.0,347.2215405486891,404.6591033461008,358.5774664302399
2019-2020,Augsburg,26.0,30496.0,305.21476979395317,299.8935276963705,380.07403698385946
2019-2020,Barcelona,26.0,34115.0,568.4003354142989,454.2558434541543,343.341877723096
2019-2020,Bayern Munich,26.0,30502.0,597.4228370197386,639.6218251218577,348.6725010554967
2019-2020,Betis,25.0,33976.0,331.0904254936126,320.9933927050449,362.0205584230229
2019-2020,Bochum,24.0,30595.0,202.45093943724982,107.52646504743663,175.4627954631871
2019-2020,Bologna,28.0,34056.0,374.55503920522335,328.71481729618995,365.57186323980125
2019-2020,Bordeaux,24.0,25196.0,334.0840452763645,429.7280346671718,377.1688191899228
2019-2020,Bournemouth,25.0,34046.0,259.4125419924228,286.41165570218595,418.83686972221915
2019-2020,Brescia,29.0,33990.0,231.2909102024407,433.66002174681535,395.42336865387705
2019-2020,Brest,21.0,25152.0,309.22034436876646,298.0754766239978,394.33316841899295
2019-2020,Brighton,24.0,34083.0,286.508357770342,339.12707855600434,419.04536049716876
2019-2020,Burnley,20.0,34197.0,309.8733121479297,347.5962264212706,415.9106556882165
2019-2020,Cagliari,29.0,34055.0,339.3279987533265,433.31365154908167,388.4399261655059
2019-2020,Celta Vigo,27.0,33942.0,319.010953781913,298.54062611797116,376.3919730609511
2019-2020,Chelsea,25.0,34200.0,453.3914444011163,460.86674585645403,387.3740174240066
2019-2020,Crystal Palace,23.0,34127.0,242.27754719393968,294.2840110893536,367.59127773036744
2019-2020,Darmstadt 98,26.0,30497.0,193.43253875955222,121.82478624462757,115.85419800604075
2019-2020,Dijon,26.0,25093.0,302.84054733214646,322.24562415130987,404.71509546638566
2019-2020,Dortmund,25.0,30554.0,538.7688248756862,468.27999818462575,401.8156884920938
2019-2020,Dresden,29.0,30479.0,161.4679861489042,60.84467130638877,134.27650359230032
2019-2020,Düsseldorf,26.0,30600.0,289.5359212751582,385.96365629661216,369.6258163464319
2019-2020,Eibar,24.0,34197.0,249.39507137387164,252.77078561144504,339.80479109994457
2019-2020,Eint Frankfurt,24.0,30505.0,376.43026497224514,429.54702562038676,399.1792885377384
2019-2020,Erzgebirge Aue,23.0,30522.0,194.2814180965111,67.16722747842854,139.18875041134635
2019-2020,Espanyol,28.0,33933.0,205.3357938976172,338.1892336252947,350.26840755055605
2019-2020,Everton,23.0,34130.0,313.7515222644381,308.49549644126694,389.08198184522695
2019-2020,Fiorentina,29.0,34100.0,325.4197755411962,495.9986754501547,336.5020576247096
2019-2020,Freiburg,23.0,30596.0,315.6073102645271,268.5461606289879,347.46507236423406
2019-2020,Genoa,32.0,34049.0,266.0885274610764,364.8114741871661,428.7760205670435
2019-2020,Getafe,28.0,34105.0,307.7756570779719,217.17049115083796,289.3809355540622
2019-2020,Gladbach,21.0,30538.0,492.78241611649264,369.62657718883867,398.58259342419507
2019-2020,Granada,24.0,34176.0,311.2200606027828,289.06556721521196,338.34650624549494
2019-2020,Greuther Fürth,22.0,30600.0,186.60449458154594,76.18622895108149,152.5776140826029
2019-2020,Hamburger SV,26.0,30501.0,201.554519189548,87.03877210111685,104.26167943371085
2019-2020,Hannover 96,27.0,30465.0,214.39486778952067,37.234626835912614,135.00783181409668
2019-2020,Heidenheim,23.0,30598.0,184.02456532965863,69.18387131654094,154.49888224269944
2019-2020,Hellas Verona,27.0,33964.0,310.84042736409,426.7347870945849,365.0319027906764
2019-2020,Hertha BSC,29.0,30483.0,292.1087413742916,348.374841682525,419.294987449262
2019-2020,Hoffenheim,27.0,30473.0,367.82867895210524,426.4169058895073,442.2799403835515
2019-2020,Holstein Kiel,25.0,30521.0,193.43380680224337,90.62459910152268,104.16771345370417
2019-2020,Inter,27.0,34139.0,503.986713465957,500.3675563817146,333.68238120575853
2019-2020,Jahn R'burg,25.0,30530.0,179.97860282743125,82.3766935558339,165.7039659918701
2019-2020,Juventus,27.0,34173.0,460.2806854506268,482.14787271277385,343.7693256999295
2019-2020,Karlsruher,23.0,30522.0,195.61280376504115,116.04229864102079,114.50667284250912
2019-2020,Köln,28.0,30401.0,344.6826184931241,385.7568968171694,414.5639349512929
2019-2020,Lazio,23.0,34161.0,546.4228055844867,399.7050218925138,322.50649766709057
2019-2020,Lecce,26.0,34071.0,386.1052415956785,422.0379054990248,381.0485155097551
2019-2020,Leganés,27.0,34161.0,254.68403909158178,305.03598899726455,342.67769275163715
2019-2020,Leicester City,23.0,34160.0,451.5293912187351,396.58631895459973,403.35506478680793
2019-2020,Levante,25.0,34106.0,327.93569190773337,441.425363354054,365.7299018794358
2019-2020,Leverkusen,22.0,30523.0,455.3761593506523,427.808088210128,428.73138037953214
2019-2020,Lille,24.0,25086.0,353.9340588446708,307.28648513628985,320.6289325324
2019-2020,Liverpool,22.0,34187.0,494.61548837890433,449.4479603111303,332.2206215524898
2019-2020,Lyon,24.0,25004.0,382.20860905115876,417.18954603452477,361.11049634466247
2019-2020,Mainz 05,23.0,30494.0,327.34175602127846,402.451623813698,388.59005476395726
2019-2020,Mallorca,28.0,34171.0,252.26330941357656,356.3509325647729,356.1424664812344
2019-2020,Manchester City,22.0,34074.0,644.5523375096668,472.00268703972813,312.36838416999586
2019-2020,Manchester Utd,28.0,34200.0,446.01963393696155,437.21582010956377,377.64189732863855
2019-2020,Marseille,21.0,25171.0,328.99895328460894,439.5316830625262,380.0520530293492
2019-2020,Metz,21.0,25059.0,324.58491923065196,311.58083782055206,408.3983072964265
2019-2020,Milan,29.0,34147.0,411.19809003040325,354.89233597540783,369.8101341490691
2019-2020,Monaco,27.0,24888.0,465.76819035268005,412.41013452510435,373.7542492767407
2019-2020,Montpellier,24.0,25055.0,273.4124240223067,355.3715891490487,387.4241204869192
2019-2020,Nantes,27.0,25134.0,274.79301129730834,363.27792937948516,418.6067790674054
2019-2020,Napoli,23.0,34197.0,465.38857184572606,519.4135807354972,337.2661059476207
2019-2020,Newcastle Utd,27.0,34142.0,241.77921801784524,380.30165762567003,380.54849495027383
2019-2020,Nice,29.0,25001.0,274.1523794907456,550.7387504243881,425.57054494480263
2019-2020,Norwich City,25.0,34081.0,260.27093025984993,313.33348080873753,398.5505698856656
2019-2020,Nîmes,26.0,24998.0,286.0756459155615,350.00876286966803,380.7560039327158
2019-2020,Nürnberg,26.0,30483.0,133.38378515480233,85.3332563180828,192.11553136068213
2019-2020,Osasuna,28.0,34060.0,334.9960909193028,308.1270066915069,358.88587199683855
2019-2020,Osnabrück,24.0,30445.0,152.96477943763463,60.00280272968605,110.31083749467946
2019-2020,Paderborn 07,25.0,30484.0,263.49104857569745,346.873240436412,447.2929561853205
2019-2020,Paris S-G,26.0,24298.0,698.2773818425342,505.45360376179383,343.56324828947953
2019-2020,Parma,23.0,34194.0,361.9466655498593,373.6727624603741,379.64207008407664
2019-2020,RB Leipzig,26.0,30493.0,488.2208231233493,452.8390071729199,402.87196968323315
2019-2020,Real Madrid,24.0,34139.0,419.2769331427021,548.0774665519635,359.1787607244217
2019-2020,Real Sociedad,25.0,34109.0,388.32084109471185,344.06615035344066,343.4256849743007
2019-2020,Reims,24.0,25058.0,253.6136059334545,391.2957350257079,373.8429987804304
2019-2020,Rennes,24.0,25178.0,373.1701460485334,329.85573766922136,349.48165819055305
2019-2020,Roma,28.0,34033.0,446.5946437378323,413.8015923252443,361.4861358970382
2019-2020,SPAL,31.0,34078.0,260.00182541345947,384.8424564986486,394.3757057572969
2019-2020,Saint-Étienne,28.0,25101.0,312.4502314171601,291.51631109466246,400.0776781485588
2019-2020,Sampdoria,28.0,34028.0,348.29787306309976,334.8016051908612,373.91033435130475
2019-2020,Sandhausen,24.0,30483.0,174.38815326471058,53.54738877412071,123.4788673401694
2019-2020,Sassuolo,28.0,34087.0,454.5258847562584,459.9617749663697,353.0906957405088
2019-2020,Schalke 04,26.0,30563.0,237.45623627608347,319.4012677595489,416.5344304683029
2019-2020,Sevilla,24.0,34199.0,329.3640428386822,626.9681595827166,337.2137071181083
2019-2020,Sheffield Utd,24.0,34153.0,264.00969777686356,398.3062446535501,354.9816648571507
2019-2020,Southampton,22.0,34031.0,363.0510246076076,392.8017700257002,389.45415639785216
2019-2020,St. Pauli,35.0,30570.0,240.60554703608014,83.06535119837275,142.03840224120094
2019-2020,Strasbourg,23.0,24291.0,329.73125647399235,416.56938646224506,366.30583780711015
2019-2020,Stuttgart,29.0,30481.0,230.58205769199338,105.72683463994356,127.78609357363891
2019-2020,Torino,22.0,34042.0,371.4580834479588,379.888866016846,444.69018388290726
2019-2020,Tottenham,26.0,34096.0,370.4663614708762,345.4316653660044,423.9196424945501
2019-2020,Toulouse,27.0,24994.0,265.55310941394487,302.2938281070773,390.64314147981037
2019-2020,Udinese,22.0,34043.0,321.2366224234738,441.0511142419519,385.13809399398826
2019-2020,Union Berlin,24.0,30512.0,294.2948754971775,407.2515976883236,409.9605302307643
2019-2020,Valencia,26.0,34078.0,314.56733174855566,373.97367539570337,381.5025826679944
2019-2020,Valladolid,27.0,34200.0,235.01369159441245,316.09036403208336,355.13192839283886
2019-2020,Villarreal,23.0,34203.0,380.76313670413884,484.53412295976756,349.70651791796826
2019-2020,Watford,25.0,34120.0,308.8052329672165,359.6788168565811,355.6180689640945
2019-2020,Wehen,25.0,30493.0,207.08777980734072,45.327632272713096,164.5562877906529
2019-2020,Werder Bremen,28.0,30581.0,300.46006262513924,420.99883941277716,443.7939163643414
2019-2020,West Ham,25.0,34176.0,330.9839122621468,353.32890970355527,381.28568043431204
2019-2020,Wolfsburg,24.0,30482.0,357.04755639029855,514.5405538479578,402.25041044045275
2019-2020,Wolves,20.0,34181.0,403.537557203884,415.5449152585706,385.47052313446386
2020-2021,Alavés,28.0,34000.0,278.11699883302856,227.38491110930832,369.9169356088089
2020-2021,Angers,30.0,34093.0,273.9412546013562,370.2978039776936,343.5344619092159
2020-2021,Arminia,24.0,30576.0,232.52287277328395,253.93312547493997,412.9076103709023
2020-2021,Arsenal,26.0,34036.0,365.1857760477366,399.19465877401626,352.8542548725644
2020-2021,Aston Villa,22.0,34111.0,385.30667332784157,384.86008836524303,402.5342531055527
2020-2021,Atalanta,26.0,34105.0,584.830681602483,386.9169207280265,372.1320449565881
2020-2021,Athletic Club,25.0,34119.0,302.02805231525457,302.51343779397774,309.431443163165
2020-2021,Atlético Madrid,24.0,34200.0,410.8745185385722,364.077253743332,358.4952518484722
2020-2021,Augsburg,23.0,30440.0,299.14587275087825,229.81766709590272,417.37190617105176
2020-2021,BTSV,28.0,30455.0,132.04250261257837,51.83255142623138,174.7604857024485
2020-2021,Barcelona,23.0,34143.0,410.2955995701817,521.7386132342914,367.4866029374455
2020-2021,Bayern Munich,27.0,30490.0,567.1837955344403,619.3477732079728,373.12080073484503
2020-2021,Benevento,26.0,34134.0,284.58181092484244,296.85237781309326,379.63592619074257
2020-2021,Betis,23.0,34015.0,328.58459928297896,243.03986651244966,376.6749188732026
2020-2021,Bochum,22.0,30521.0,245.084419804441,156.67919373917056,169.361662689847
2020-2021,Bologna,31.0,34045.0,364.98406390007676,363.4104669484136,387.5977896496102
2020-2021,Bordeaux,27.0,34060.0,292.1160446615908,384.60295678081144,405.9287776820575
2020-2021,Brest,24.0,34166.0,315.9545369438331,221.22223173651744,400.07342830244113
2020-2021,Brighton,24.0,34155.0,287.98466842019275,257.1853006602197,375.99173168689015
2020-2021,Burnley,21.0,34196.0,249.69622587597803,316.99737226337714,395.06180119384015
2020-2021,Cagliari,30.0,34152.0,290.85652059076165,434.5512053481496,400.81626498794105
2020-2021,Celta Vigo,27.0,34132.0,336.937774187215,569.2414653847545,378.1822682985491
2020-2021,Chelsea,24.0,34090.0,389.4444287930967,404.6425280274085,349.62999002291645
2020-2021,Crotone,28.0,34045.0,354.26368841180584,352.03406817513127,391.987382639303
2020-2021,Crystal Palace,21.0,34172.0,282.464293760868,280.2818092307338,354.1840506280852
2020-2021,Cádiz,31.0,34090.0,225.8508804849533,296.24487702611805,356.7717640642809
2020-2021,Darmstadt 98,24.0,30523.0,327.99718359536695,122.95873518912074,125.87598033960396
2020-2021,Dijon,29.0,34074.0,221.88895998727142,238.21557545720663,425.30621479852255
2020-2021,Dortmund,24.0,30568.0,483.67950515069407,341.51127909720356,388.56180195219287
2020-2021,Düsseldorf,25.0,30403.0,194.91643610441906,107.175012695588,132.60163359961655
2020-2021,Eibar,27.0,34174.0,243.59852083525385,239.04690911234823,358.1686977480608
2020-2021,Eint Frankfurt,23.0,30590.0,504.93834403013426,339.7525393526393,379.6902815332573
2020-2021,Elche,27.0,34034.0,215.03582607145952,352.07659670209455,356.1119393674443
2020-2021,Erzgebirge Aue,21.0,30430.0,259.91291457137095,77.93001921228709,158.6294743460012
2020-2021,Everton,25.0,34177.0,324.1712749787517,387.61600241389664,419.2550339998026
2020-2021,Fiorentina,27.0,34103.0,283.30572904910167,307.5697308183576,319.4169937646385
2020-2021,Freiburg,22.0,30600.0,347.23216386196947,326.7899404175303,396.9869320090371
2020-2021,Fulham,26.0,34121.0,253.2652621363107,339.58548214446574,377.7044741094166
2020-2021,Genoa,31.0,34192.0,365.7541484241981,422.0636100760023,387.26881054970295
2020-2021,Getafe,29.0,34036.0,230.8522320639518,246.34571796120602,312.34372505589255
2020-2021,Gladbach,21.0,30514.0,401.2006387019185,420.61086015163346,407.93759418248584
2020-2021,Granada,31.0,34091.0,297.87910705840005,296.23683849726405,320.90542891101217
2020-2021,Greuther Fürth,20.0,30516.0,236.40611768987534,130.72862620068827,182.2093494636197
2020-2021,Hamburger SV,25.0,30492.0,298.6351233997052,113.35822043463882,142.55066910640736
2020-2021,Hannover 96,25.0,30576.0,241.48070759309928,84.51923616535679,208.1889248308249
2020-2021,Heidenheim,24.0,30530.0,158.4802507445576,52.9736673978075,178.30888448690487
2020-2021,Hellas Verona,29.0,34199.0,265.71279421534547,332.24672065582735,404.73363204103225
2020-2021,Hertha BSC,29.0,30544.0,299.71335190256696,389.10834310064814,362.6365948516511
2020-2021,Hoffenheim,27.0,30516.0,343.56055329249267,357.16326812607684,391.09468863722617
2020-2021,Holstein Kiel,21.0,30504.0,187.27173685168574,69.60802619394018,138.23469636557044
2020-2021,Huesca,25.0,34194.0,261.73353836428265,290.6594814120953,365.1632148770387
2020-2021,Inter,22.0,34194.0,550.6773106515018,553.7478733495649,323.2754016060772
2020-2021,Jahn R'burg,25.0,30536.0,147.99998343104969,75.45499368561566,174.6579009377937
2020-2021,Juventus,25.0,34028.0,491.43262124111624,408.1506353360153,408.2564650921025
2020-2021,Karlsruher,25.0,30529.0,233.7837797372131,90.19527600893964,112.85842449245362
2020-2021,Köln,26.0,30585.0,246.00304656823974,342.80454243731776,421.5404234908624
2020-2021,Lazio,28.0,34171.0,487.23803300217037,436.2115182364624,344.34278747863385
2020-2021,Leeds United,21.0,34154.0,382.7645967682527,417.72689611631455,472.17481600430074
2020-2021,Leicester City,26.0,34200.0,398.46090098579805,396.32951795649757,414.01082756799013
2020-2021,Lens,25.0,34014.0,408.84886400971857,329.3762616099451,392.9908136240283
2020-2021,Levante,26.0,34177.0,302.04561553926465,359.3947483159796,380.3755279831093
2020-2021,Leverkusen,27.0,30600.0,401.4223089280926,469.27550168053637,392.2299758341359
2020-2021,Lille,20.0,34151.0,406.8962774099955,402.5604606013012,358.698420229212
2020-2021,Liverpool,25.0,34200.0,490.45567207453973,387.38417404754875,328.49942905055804
2020-2021,Lorient,25.0,34074.0,374.6532856398068,346.1067808904069,404.9010282540868
2020-2021,Lyon,25.0,34054.0,469.3185534808682,474.89335423241613,366.7185054603092
2020-2021,Mainz 05,28.0,30584.0,264.51502044694894,327.414097624783,440.30497865366726
2020-2021,Manchester City,21.0,34072.0,483.9854139709451,485.06687886349937,297.28059657579274
2020-2021,Manchester Utd,26.0,34136.0,441.67546095051824,348.53376430967853,368.21551689862673
2020-2021,Marseille,29.0,33972.0,360.47330483923025,346.8833935495375,382.6000417026724
2020-2021,Metz,25.0,34145.0,316.78043071478703,313.8800442069111,454.36103709695624
2020-2021,Milan,27.0,34093.0,381.16900442818877,394.7837376539392,398.0934626321956
2020-2021,Monaco,26.0,33968.0,449.5121450282603,415.1680398562597,340.3860362772675
2020-2021,Montpellier,23.0,33815.0,421.9022052642612,492.7354118059618,401.1200350319054
2020-2021,Nantes,24.0,34046.0,305.7244965675755,362.60366136595695,424.7708763941368
2020-2021,Napoli,23.0,34145.0,517.2456971249425,406.67493082259193,354.5443206151084
2020-2021,Newcastle Utd,24.0,34096.0,300.48879241772744,331.3738165420945,363.50837366550286
2020-2021,Nice,29.0,34072.0,286.03921191473887,301.1168755429208,377.7098949119502
2020-2021,Nîmes,32.0,34069.0,279.49168125494054,293.6108157548546,394.79523512867155
2020-2021,Nürnberg,28.0,30597.0,188.57222117843946,86.50044343952932,171.63633285381343
2020-2021,Osasuna,25.0,34043.0,274.36805653428377,262.45842419874043,344.3397154366362
2020-2021,Osnabrück,25.0,30448.0,167.80958356989242,36.90488931635011,148.45741283140754
2020-2021,Paderborn 07,23.0,30556.0,200.40997327178417,95.49334329492679,170.9055019361836
2020-2021,Paris S-G,27.0,34153.0,551.3883379789942,453.68187960809905,335.04093762263534
2020-2021,Parma,40.0,34185.0,260.00257010064894,362.51957839082235,403.17938712516656
2020-2021,RB Leipzig,23.0,30600.0,390.3597615134564,409.9105164565263,362.7555575597061
2020-2021,Real Madrid,29.0,34117.0,374.08311893493953,573.621651266244,337.5688304584948
2020-2021,Real Sociedad,29.0,34195.0,410.23043949905616,350.3921489921733,305.63397090736345
2020-2021,Reims,27.0,33920.0,264.5027281785734,395.84089389328835,406.2242975031501
2020-2021,Rennes,28.0,33995.0,345.7037446150958,361.81000941213125,351.27762153034627
2020-2021,Roma,28.0,34142.0,444.42487267170543,375.94182868241006,353.6225638116191
2020-2021,Saint-Étienne,36.0,34095.0,313.08488587754925,280.71816164865186,391.38279042770154
2020-2021,Sampdoria,25.0,34116.0,361.7532175108819,274.79068093624903,403.14586853205213
2020-2021,Sandhausen,25.0,30587.0,190.41523760082575,66.41466286651132,161.46208949839905
2020-2021,Sassuolo,24.0,34061.0,415.6293248418016,381.5495329823645,380.17168933672997
2020-2021,Schalke 04,38.0,30571.0,193.87201231412496,294.435739226225,452.81188316866684
2020-2021,Sevilla,24.0,34115.0,339.21010770880326,500.4297317163009,334.02507635792836
2020-2021,Sheffield Utd,25.0,34035.0,202.83461886845254,364.85099548372733,380.91774423688844
2020-2021,Southampton,26.0,34022.0,288.4742124608926,440.437678221451,403.12690527346206
2020-2021,Spezia,32.0,34049.0,294.31865040107755,330.3410025952059,353.87471476067844
2020-2021,St. Pauli,29.0,30530.0,204.4724179834954,68.56711553345262,161.92585884963486
2020-2021,Strasbourg,23.0,34028.0,296.79839531720967,361.5099390159453,380.33167172452534
2020-2021,Stuttgart,27.0,30522.0,370.4866342232076,371.0152788629964,467.38780282360307
2020-2021,Torino,26.0,34117.0,326.93468317277944,296.0703925979875,422.73345866117666
2020-2021,Tottenham,22.0,34183.0,475.9597102580695,323.67352793638,386.6118217454638
2020-2021,Udinese,29.0,34183.0,343.6430269316899,238.03132687876192,375.7311987913562
2020-2021,Union Berlin,25.0,30496.0,303.1998506655448,289.8585410310128,413.12473107919664
2020-2021,Valencia,28.0,34075.0,240.29394903069615,421.45321853049455,364.40786714716813
2020-2021,Valladolid,29.0,34116.0,249.86859263001045,289.8419292850199,380.71491684433533
2020-2021,Villarreal,26.0,34160.0,408.0101389643885,437.37514083790853,350.47415970340745
2020-2021,W'burg Kickers,32.0,30529.0,130.7476650358771,48.954177839214594,154.13599772571362
2020-2021,Werder Bremen,25.0,30545.0,256.1954886827031,366.52841983948474,412.35196769036986
2020-2021,West Brom,28.0,33981.0,257.4571743351971,241.16917186374744,398.3550374908237
2020-2021,West Ham,21.0,34131.0,347.5672958480738,328.82876749811663,359.23186857607305
2020-2021,Wolfsburg,22.0,30554.0,372.4080277923238,501.66901325159927,462.5988956471913
2020-2021,Wolves,25.0,34199.0,272.23531495420747,340.68291190745657,376.12043951720557
2021-2022,Alavés,29.0,34142.0,221.18740450106284,262.1403224891987,377.246500301602
2021-2022,Angers,25.0,34078.0,252.05924322512064,370.2998559023041,360.03332110738154
2021-2022,Arminia,24.0,30556.0,239.13767271816025,285.24228922822516,411.81800311234434
2021-2022,Arsenal,25.0,34032.0,408.4488297012472,400.95052459568683,347.9083333922213
2021-2022,Aston Villa,27.0,34154.0,324.4040822238148,422.2174737213766,366.0945149384604
2021-2022,Atalanta,28.0,34158.0,405.16686680741657,402.7070349066382,389.70659249073174
2021-2022,Athletic Club,22.0,34161.0,361.65039531111364,259.0949485928508,377.0648904411821
2021-2022,Atlético Madrid,24.0,34122.0,405.4455937506433,389.2905109508355,361.0438642136518
2021-2022,Augsburg,25.0,30600.0,270.6799495039387,417.7928009448677,395.2335539374926
2021-2022,Barcelona,35.0,34137.0,385.52044028900286,434.18544369035203,347.4020755133649
2021-2022,Bayern Munich,26.0,30553.0,593.7072971468895,663.8922212049749,373.7261016570594
2021-2022,Betis,27.0,34042.0,390.19934701741334,392.86583620066176,403.0610457744585
2021-2022,Bochum,25.0,30488.0,330.4272644056084,214.3416815372807,461.08045698265556
2021-2022,Bologna,33.0,33989.0,353.2269129515946,424.5774623607095,343.9079249991778
2021-2022,Bordeaux,37.0,34074.0,347.69633585114747,337.2965951878474,366.5038727789627
2021-2022,Brentford,25.0,34078.0,296.892254830604,392.711362770845,347.83053161461936
2021-2022,Brest,24.0,34069.0,356.1685761283675,246.71686380137038,405.041110085255
2021-2022,Brighton,24.0,34163.0,283.72579554260716,336.51490987409744,392.79379556489914
2021-2022,Burnley,21.0,34198.0,217.92683033552882,348.46320846730157,417.8331994336981
2021-2022,Cagliari,31.0,34164.0,238.6953748773216,376.3106325576259,404.21465794728385
2021-2022,Celta Vigo,22.0,34157.0,311.5897255944589,365.9604732390745,351.72851607605173
2021-2022,Chelsea,24.0,34154.0,443.19747697014645,536.9299919311861,357.85678911458587
2021-2022,Clermont Foot,26.0,33949.0,306.1682271711241,342.98161203267347,370.32944550462474
2021-2022,Crystal Palace,22.0,34146.0,328.3227070348764,377.4931521640298,370.73148365531296
2021-2022,Cádiz,32.0,34190.0,264.28074954382663,313.0237106803701,384.41682796356395
2021-2022,Darmstadt 98,25.0,30442.0,336.54639913494435,144.3571482505002,125.89945680218956
2021-2022,Dortmund,28.0,30545.0,458.45210247216136,462.6812542994063,369.68797044634806
2021-2022,Dresden,26.0,30574.0,116.73510979258458,43.907122578902296,159.31303840265434
2021-2022,Düsseldorf,30.0,30491.0,158.5969754600992,122.92117233386168,131.47218133316028
2021-2022,Eint Frankfurt,24.0,30579.0,332.3603459187949,310.2336041189149,434.4311537833967
2021-2022,Elche,26.0,34084.0,285.31944332537614,280.05657850788896,345.6354567941146
2021-2022,Empoli,27.0,34060.0,310.4329927990113,371.4013204908095,404.70538117996824
2021-2022,Erzgebirge Aue,26.0,30443.0,142.49680923014785,32.035960856378644,165.33336195493916
2021-2022,Espanyol,29.0,34137.0,255.38795029738876,397.43882665891465,374.0487727073897
2021-2022,Everton,30.0,34075.0,283.8459060801339,318.9556370858696,371.77580958768414
2021-2022,Fiorentina,25.0,34015.0,352.7976459813077,391.4785378760111,311.86676185394856
2021-2022,Freiburg,23.0,30597.0,333.3431535112225,302.88689020706164,419.41349651485615
2021-2022,Genoa,38.0,34099.0,209.99521895222875,308.20599208391627,411.4325099778767
2021-2022,Getafe,29.0,34053.0,276.9914142145658,335.7663825890844,344.8474767411648
2021-2022,Gladbach,24.0,30573.0,395.6594878703482,348.06140090916165,371.4492538402245
2021-2022,Granada,29.0,34080.0,280.1738229586222,359.01572033189905,368.4113992215715
2021-2022,Greuther Fürth,26.0,30600.0,244.57834267880605,392.67743413802555,419.3401596033655
2021-2022,Hamburger SV,23.0,30561.0,224.34159141131374,122.49213037639896,104.51692719506578
2021-2022,Hannover 96,28.0,30501.0,143.48836941798973,50.34561645908456,125.13517989169591
2021-2022,Hansa Rostock,28.0,30599.0,161.67241867168613,89.90396029417145,125.35562131542183
2021-2022,Heidenheim,24.0,30596.0,183.11606656744786,61.957635739343274,154.4593969326824
2021-2022,Hellas Verona,28.0,34073.0,443.4920788603177,407.4389290665869,354.92662376493706
2021-2022,Hertha BSC,34.0,30556.0,248.09956114631797,333.6004956596923,386.4285657455172
2021-2022,Hoffenheim,30.0,30600.0,339.15330729072747,366.3813065702616,395.37896123295803
2021-2022,Holstein Kiel,27.0,30520.0,161.873663546299,94.88034805088591,104.65644179743087
2021-2022,Ingolstadt 04,35.0,30547.0,110.88396411389586,39.538107910967994,127.46793291469382
2021-2022,Inter,25.0,34200.0,528.0968175093302,450.14584071152876,315.1581180129898
2021-2022,Jahn R'burg,22.0,30482.0,154.22477270083675,144.41048692385914,151.120466398413
2021-2022,Juventus,29.0,34189.0,364.1597678020088,417.0785902818994,352.3711605930313
2021-2022,Karlsruher,25.0,30461.0,194.93377411841942,116.34657202983031,119.01481243973282
2021-2022,Köln,24.0,30583.0,348.1726378838575,299.05921953008317,437.5116385767792
2021-2022,Lazio,25.0,34124.0,429.4716978187625,548.9654341996946,332.76783427141083
2021-2022,Leeds United,26.0,34034.0,315.3779381819804,362.5752068227546,446.87127415948055
2021-2022,Leicester City,25.0,34146.0,421.5414270492363,415.698525385285,425.41539046190985
2021-2022,Lens,25.0,33933.0,365.7069354472935,417.2704595214921,381.22501283349544
2021-2022,Levante,27.0,34164.0,355.7358272298415,382.28316253370184,356.5321898819503
2021-2022,Leverkusen,26.0,30539.0,503.5243832132744,479.47993425573225,373.10064171231676
2021-2022,Lille,24.0,34048.0,300.726818034668,299.66063952152444,370.1918643924428
2021-2022,Liverpool,25.0,34186.0,583.7385094597713,497.84679665578625,316.90549042644625
2021-2022,Lorient,27.0,34109.0,300.88596610619095,362.2409289992271,363.3673141156667
2021-2022,Lyon,28.0,34039.0,448.7336803260735,436.74903967133946,363.8986754353596
2021-2022,Mainz 05,24.0,30426.0,388.6412649781165,460.3803754327072,364.4843727449952
2021-2022,Mallorca,29.0,34126.0,217.35387860999174,385.6557489855794,340.64743824749036
2021-2022,Manchester City,23.0,34150.0,525.4519761837776,443.980094648027,279.9119032525979
2021-2022,Manchester Utd,28.0,34147.0,398.8215871653066,443.2367986676637,371.29868802152725
2021-2022,Marseille,24.0,34176.0,385.72730773892556,398.27321878853843,326.6776515123803
2021-2022,Metz,33.0,33994.0,249.9257784589554,288.56308006927003,426.36017893784395
2021-2022,Milan,25.0,34157.0,359.3319930241136,420.8287717105676,353.8176730729174
2021-2022,Monaco,25.0,34120.0,393.10165187009255,390.0258873990722,361.41660192055264
2021-2022,Montpellier,25.0,33988.0,317.4634192250825,390.814772466432,365.71954804443624
2021-2022,Nantes,25.0,34075.0,356.9740456985638,412.90508054617123,421.18531225566494
2021-2022,Napoli,24.0,34118.0,447.93633861045015,412.84837904555013,334.96336325293817
2021-2022,Newcastle Utd,26.0,34110.0,226.63165244126628,313.0244190464936,364.0950953963689
2021-2022,Nice,25.0,33995.0,379.8640023957616,327.18492223210495,384.74874127778776
2021-2022,Norwich City,26.0,34174.0,214.37958191625196,292.9692817080822,413.1711730985951
2021-2022,Nürnberg,23.0,30586.0,145.63707248002942,69.40491727941055,116.97602586989773
2021-2022,Osasuna,26.0,34179.0,256.8791876501076,280.2329200752285,340.6228158619809
2021-2022,Paderborn 07,26.0,30475.0,221.58032454751086,82.28560096280124,138.76031708727805
2021-2022,Paris S-G,30.0,34133.0,623.7144697077863,397.24522497228617,332.50029251461154
2021-2022,RB Leipzig,25.0,30596.0,463.2098388634099,414.6431810135581,380.3368712980275
2021-2022,Rayo Vallecano,25.0,34081.0,297.8549096374594,313.9795175366468,315.2763595842408
2021-2022,Real Madrid,29.0,34200.0,578.557372451426,521.154594395808,350.6837478276509
2021-2022,Real Sociedad,30.0,34096.0,317.40698798158513,316.64736189239443,347.51969779356983
2021-2022,Reims,32.0,33920.0,259.4758896573332,267.27567445737304,396.39954027967684
2021-2022,Rennes,25.0,34119.0,478.89517363352377,358.8015627161869,324.75157677089743
2021-2022,Roma,26.0,34136.0,331.6882134813132,488.938164436124,390.26439104862504
2021-2022,Saint-Étienne,34.0,33978.0,317.911514987608,271.5939022012898,398.31100518445953
2021-2022,Salernitana,39.0,34076.0,266.233659876968,281.21269339594653,359.89107697005204
2021-2022,Sampdoria,31.0,34156.0,318.4488983019719,223.5130212864683,399.2886068264665
2021-2022,Sandhausen,29.0,30563.0,148.09592753171358,54.69898356147218,116.81249128122863
2021-2022,Sassuolo,25.0,34150.0,399.32245956946247,409.54718316171005,352.39953301432917
2021-2022,Schalke 04,30.0,30581.0,307.5320608772882,134.89695651192397,149.58057385343182
2021-2022,Sevilla,29.0,34130.0,297.6053683394615,421.81452478738015,325.7347371537602
2021-2022,Southampton,22.0,34134.0,256.3068334648174,495.90626884838787,421.28760236464547
2021-2022,Spezia,27.0,34104.0,250.01548401045872,430.26497619059836,399.15861362577186
2021-2022,St. Pauli,25.0,30504.0,222.57010363080437,78.67377939313528,125.43898592974121
2021-2022,Strasbourg,23.0,34137.0,429.0897254085908,428.9739844692216,351.73582601837046
2021-2022,Stuttgart,31.0,30553.0,277.16418252633486,360.7376234571957,462.94916986106426
2021-2022,Torino,28.0,34126.0,317.80986238110347,426.64031358718523,365.4942063339877
2021-2022,Tottenham,23.0,34163.0,477.65794424624704,396.7408511189691,396.94601463608444
2021-2022,Troyes,32.0,34125.0,230.51882856480182,391.67886934920585,375.7153557806338
2021-2022,Udinese,26.0,34111.0,400.6459761728475,337.10107869700255,356.8515553878283
2021-2022,Union Berlin,26.0,30599.0,340.53695092682136,332.6165099432685,397.94957490614263
2021-2022,Valencia,31.0,34030.0,292.85562785469983,238.42500979848143,350.36041687938894
2021-2022,Venezia,34.0,34041.0,275.8902297642818,294.6703954632399,411.9277562251079
2021-2022,Villarreal,26.0,34190.0,393.64422455257727,470.17177065159837,333.7947429012125
2021-2022,Watford,28.0,34163.0,303.91477318909153,302.9952932674124,404.9033627030683
2021-2022,Werder Bremen,26.0,30538.0,340.73971634104964,100.85695022210454,140.447642048433
2021-2022,West Ham,20.0,34164.0,347.28199081309435,354.02974596350253,360.64493818742795
2021-2022,Wolfsburg,27.0,30559.0,307.38923874746075,415.02950558323334,428.2142168720098
2021-2022,Wolves,24.0,34116.0,273.49489448232964,338.8638195670825,402.9185691730316
2022-2023,Ajaccio,33.0,33940.0,202.526084986389,343.43685632264555,380.3293634532919
2022-2023,Almería,26.0,34137.0,336.84834353258714,512.58956040231,348.28418352237344
2022-2023,Angers,31.0,33997.0,224.82369915127686,381.0153526951138,364.3003226662454
2022-2023,Arminia,27.0,30471.0,207.30591068526078,62.7800426852323,160.57237718369515
2022-2023,Arsenal,23.0,34198.0,477.95928269896274,361.04759233680795,323.6372577303026
2022-2023,Aston Villa,24.0,34171.0,311.53163773883426,396.6291316227153,350.36408465670974
2022-2023,Atalanta,23.0,34133.0,399.50270497133994,418.4359903485125,398.1188051454771
2022-2023,Athletic Club,24.0,34132.0,333.1343025486591,378.67298627298624,351.46161312208784
2022-2023,Atlético Madrid,24.0,34088.0,489.77798856390154,496.19597646725305,360.7468623878635
2022-2023,Augsburg,31.0,30415.0,305.6924502150975,475.46820809248555,366.46116597196743
2022-2023,Auxerre,29.0,34021.0,269.96865456451934,294.96354247440263,415.41601788940716
2022-2023,BTSV,26.0,30510.0,161.89190942995558,109.32379684101589,147.9581522542969
2022-2023,Barcelona,26.0,34091.0,462.22068626159745,506.479835205322,295.29003969949383
2022-2023,Bayern Munich,24.0,30476.0,556.0123861024938,572.4768406417946,374.6876758521241
2022-2023,Betis,28.0,33775.0,298.79188544881964,287.7404140972458,409.69822832190897
2022-2023,Bochum,25.0,30572.0,272.9891529193423,384.8077573808917,414.55931806327237
2022-2023,Bologna,25.0,34123.0,316.82371535236376,433.2629478635554,363.0620574859848
2022-2023,Bournemouth,29.0,34200.0,251.50509572026448,301.143265375017,391.1675543170238
2022-2023,Brentford,24.0,34199.0,345.5541294239464,344.3501362559848,357.2091390423461
2022-2023,Brest,27.0,34159.0,325.2223155777453,305.02017363329605,391.7220640948109
2022-2023,Brighton,26.0,34198.0,420.26521125461727,433.81569943014534,337.3983855040879
2022-2023,Celta Vigo,24.0,34077.0,314.3461851551776,348.56470769756805,379.85100700418377
2022-2023,Chelsea,30.0,34097.0,298.60764625995836,426.2855508810505,418.70826980945105
2022-2023,Clermont Foot,26.0,34098.0,298.4382374799244,337.91417370045286,385.2410393511819
2022-2023,Cremonese,30.0,34123.0,285.93814223030824,312.09918354348747,373.8122642056682
2022-2023,Crystal Palace,22.0,34079.0,275.9194614152271,341.5568710805488,384.1710386613443
2022-2023,Cádiz,36.0,34099.0,208.86951242006205,279.93865412951806,364.49337303522685
2022-2023,Darmstadt 98,24.0,30446.0,213.23596666021425,93.42001219602778,124.45037220698464
2022-2023,Dortmund,28.0,30600.0,489.1421016081881,519.6252254954874,381.7146728648108
2022-2023,Düsseldorf,26.0,30594.0,250.79233958567693,123.85799183996154,105.52224293209807
2022-2023,Eint Frankfurt,25.0,30573.0,364.8099103295686,441.17967717018814,398.81216835438426
2022-2023,Elche,30.0,33874.0,247.79060696456568,469.45290972414455,378.54324014670715
2022-2023,Empoli,27.0,34067.0,246.22115983248165,424.40880447957267,394.85982444024893
2022-2023,Espanyol,28.0,34004.0,303.1000785033162,425.2149258751981,374.85381476051816
2022-2023,Everton,26.0,34156.0,258.87315676231793,276.95982195284927,408.48174026898585
2022-2023,Fiorentina,26.0,34131.0,336.8709968384371,429.24289483617144,337.63065016608715
2022-2023,Freiburg,26.0,30525.0,335.4579634118587,284.29608090091625,390.08158294860544
2022-2023,Fulham,26.0,34116.0,330.332127321214,281.6784258519664,401.9702189531231
2022-2023,Getafe,23.0,34087.0,258.6719333244501,289.57830139979467,327.1324604609164
2022-2023,Girona,27.0,34183.0,323.5840734364883,413.63341122867433,334.1165672052861
2022-2023,Gladbach,22.0,30546.0,439.8024350344415,273.6363839612184,367.53941903463726
2022-2023,Greuther Fürth,26.0,30443.0,175.12736840343575,72.20386175455575,94.58262855419282
2022-2023,Hamburger SV,27.0,30494.0,219.76152796266925,142.72227257315006,119.54068142857463
2022-2023,Hannover 96,23.0,30465.0,194.1680040767776,121.05057185324488,126.56798406105375
2022-2023,Hansa Rostock,26.0,30462.0,119.55236357071381,40.83099247437941,136.77343847550205
2022-2023,Heidenheim,22.0,30585.0,386.5358816013666,144.64872911142928,123.5806368004842
2022-2023,Hellas Verona,34.0,34081.0,260.8959367960389,290.15173025769553,367.5890337702879
2022-2023,Hertha BSC,29.0,30577.0,313.11211821337355,295.5245021566657,397.96951470941747
2022-2023,Hoffenheim,29.0,30453.0,362.067254486511,369.5135869545928,360.68675705819396
2022-2023,Holstein Kiel,25.0,30600.0,236.19186615772304,86.09379369416953,128.36178159093572
2022-2023,Inter,22.0,34098.0,504.88963584376427,518.7381023980912,335.7151434237545
2022-2023,Jahn R'burg,23.0,30483.0,150.54270889376008,63.764375579723904,111.73129200750823
2022-2023,Juventus,27.0,34144.0,342.4146540667477,403.2766524736579,388.6842775981099
2022-2023,Kaiserslautern,24.0,30443.0,203.3019827098853,93.59923694993029,130.61193389865232
2022-2023,Karlsruher,24.0,30501.0,215.17208771253206,154.88039136991696,94.80667294027539
2022-2023,Köln,26.0,30480.0,329.3880417958081,300.00073887628434,431.6982498778227
2022-2023,Lazio,20.0,34114.0,353.07873559300486,501.26370670969646,326.07669642391147
2022-2023,Lecce,28.0,34131.0,270.79099706637237,299.2467701188422,358.11240035223744
2022-2023,Leeds United,27.0,34152.0,313.6907759816445,364.3895415949262,422.84588985701055
2022-2023,Leicester City,26.0,34175.0,375.75592947109226,392.97231894357316,419.4150518693256
2022-2023,Lens,26.0,34027.0,396.4872743590858,322.3634590852865,343.72266722037267
2022-2023,Leverkusen,22.0,30464.0,387.75353607106075,463.2114246894652,409.3057996811853
2022-2023,Lille,22.0,34181.0,420.7144838218046,417.5278039751362,338.13026168671047
2022-2023,Liverpool,26.0,34166.0,486.3353455976325,389.81752621042904,341.45975691852976
2022-2023,Lorient,28.0,34157.0,348.85066787680427,469.00444529942877,384.9193877459737
2022-2023,Lyon,26.0,34119.0,460.84035121354566,472.1944076613458,404.0516879074852
2022-2023,Magdeburg,25.0,30475.0,203.98426738617377,54.11689442761736,167.5982328518076
2022-2023,Mainz 05,24.0,30546.0,370.93665751387937,372.17010323244915,396.44602208475766
2022-2023,Mallorca,27.0,34091.0,306.4981891617649,353.85246046933673,336.4839499213592
2022-2023,Manchester City,22.0,34135.0,505.70256371471964,490.483964593343,289.42763497175446
2022-2023,Manchester Utd,25.0,34122.0,409.8721814022641,563.9539688514137,416.9808946002158
2022-2023,Marseille,27.0,34096.0,388.8435224167172,453.83161220134303,376.7020759842067
2022-2023,Milan,27.0,34155.0,404.4302279677657,481.0474120763011,356.15371359763043
2022-2023,Monaco,26.0,33971.0,384.69641119185525,358.235188323,374.3149001927002
2022-2023,Montpellier,27.0,33918.0,344.67069249544045,475.37015606993276,404.8235179663759
2022-2023,Monza,29.0,34175.0,287.7333977079319,446.0459663930567,359.09169509058967
2022-2023,Nantes,27.0,34096.0,313.6040878512762,327.63334602625963,440.488515927831
2022-2023,Napoli,25.0,34176.0,484.13295196967533,361.1814416198134,327.7568539338609
2022-2023,Newcastle Utd,24.0,34132.0,393.1467607237799,475.5411854113157,363.29174684925505
2022-2023,Nice,30.0,34088.0,412.49406365342304,407.48377397078315,417.1090787808723
2022-2023,Nott'ham Forest,30.0,34200.0,295.4645966048327,266.9763029582563,403.49915863438275
2022-2023,Nürnberg,31.0,30526.0,132.50400725715565,69.71182532667588,116.73673802582442
2022-2023,Osasuna,24.0,33999.0,284.3264424837481,317.21404804457256,344.59334424634
2022-2023,Paderborn 07,25.0,30517.0,266.5401510099125,100.24553588869729,113.85268697211596
2022-2023,Paris S-G,24.0,34004.0,586.8509950631321,431.14164659033463,368.1154304901884
2022-2023,RB Leipzig,21.0,30547.0,451.7885583840611,398.4874187613787,392.77152652211737
2022-2023,Rayo Vallecano,24.0,34025.0,300.5608275627507,351.29937016935173,311.50893225656785
2022-2023,Real Madrid,24.0,34168.0,514.2600061174362,547.0758790444418,332.62274141165335
2022-2023,Real Sociedad,29.0,34125.0,364.68210938592375,440.3416590695316,319.93493055669256
2022-2023,Reims,30.0,33879.0,375.41167379759094,377.28988956539274,392.78598137309325
2022-2023,Rennes,30.0,34174.0,414.9011156351851,336.06242042198653,329.9854658547776
2022-2023,Roma,27.0,34092.0,398.5634664059081,304.5044733674845,350.8806771444495
2022-2023,Salernitana,27.0,34178.0,330.8310510115874,307.7980001725167,368.9102726687491
2022-2023,Sampdoria,34.0,34097.0,204.40745224779045,276.6974877197763,359.3869516370088
2022-2023,Sandhausen,28.0,30553.0,131.77216143936684,67.4229034888534,101.05201919293215
2022-2023,Sassuolo,28.0,34092.0,355.27437407015077,370.71242692504785,339.84588518639885
2022-2023,Schalke 04,33.0,30544.0,283.7715249978275,222.5407736729721,384.23970596996344
2022-2023,Sevilla,32.0,33848.0,274.68849501193534,411.01792173962065,357.9426787644688
2022-2023,Southampton,32.0,34195.0,218.29942221808946,396.3125300286377,444.575532921901
2022-2023,Spezia,30.0,34131.0,233.97280505106428,346.482393037096,379.02248714007567
2022-2023,St. Pauli,25.0,30563.0,168.32573301310464,128.27995436691367,98.2142748972757
2022-2023,Strasbourg,28.0,33995.0,317.523295630193,381.2831080500123,405.8319597542162
2022-2023,Stuttgart,28.0,30467.0,316.68751033024597,401.09439139234416,397.9783040450518
2022-2023,Torino,27.0,34200.0,335.4178707399613,340.8219089148899,318.8486852041799
2022-2023,Tottenham,26.0,34163.0,417.324269433959,415.6780062906709,376.84257535819194
2022-2023,Toulouse,28.0,34143.0,321.68082005453505,491.43126094878005,402.8633954723989
2022-2023,Troyes,30.0,34054.0,287.08905012432723,383.8678662747859,375.8826468484467
2022-2023,Udinese,29.0,34149.0,346.3415858322083,301.99066807829735,374.6643600156944
2022-2023,Union Berlin,26.0,30498.0,393.8026969545386,243.07935341410163,330.85975226217914
2022-2023,Valencia,27.0,34115.0,273.6981801601739,429.81780204690193,352.61122440045136
2022-2023,Valladolid,33.0,34171.0,249.8376144757105,429.0946273104765,390.20889072059487
2022-2023,Villarreal,29.0,34094.0,408.34934357008297,401.4536105147396,351.95096921880884
2022-2023,Werder Bremen,22.0,30522.0,314.2158615478268,326.80002793613136,456.8906528252779
2022-2023,West Ham,22.0,34199.0,305.56126383424566,403.1053176773209,355.7242016287461
2022-2023,Wolfsburg,27.0,30600.0,303.9011412461667,492.27104991636395,407.4111725794401
2022-2023,Wolves,29.0,34023.0,230.7006496921908,368.3319595753561,393.30513303734494
2023-2024,Alavés,27.0,34155.0,304.8418584504666,326.44765815527916,329.8240911285655
2023-2024,Almería,32.0,34090.0,320.06134007565765,375.01915139168005,364.92147235961795
2023-2024,Arsenal,23.0,34168.0,493.63261895284404,554.6885081335887,319.9736024538785
2023-2024,Aston Villa,27.0,34165.0,402.807091435017,489.19944395665846,334.05876290037577
2023-2024,Atalanta,25.0,34198.0,550.582665751598,452.91803871994284,343.10237418674274
2023-2024,Athletic Club,25.0,34026.0,398.9612041745474,354.59745548444863,315.40675512015827
2023-2024,Atlético Madrid,26.0,34118.0,444.1645237541744,512.9383905091664,361.0599584263095
2023-2024,Augsburg,26.0,30565.0,357.9511188998223,326.467387791149,390.21370529170093
2023-2024,BTSV,28.0,30411.0,145.1994558518385,65.03014385949398,153.8194783701253
2023-2024,Barcelona,27.0,34132.0,464.0218794891101,595.0441409859218,317.7287688148624
2023-2024,Bayern Munich,26.0,30497.0,567.7063800380641,631.6620220545094,380.69309561897535
2023-2024,Betis,32.0,34114.0,340.511191073168,331.51215602693514,362.48030061302967
2023-2024,Bochum,23.0,30519.0,325.7936782551618,285.82305649791516,421.60687006778795
2023-2024,Bologna,25.0,34168.0,330.7320523342091,366.6089420378029,362.3969669668532
2023-2024,Bournemouth,26.0,34143.0,362.85555095917977,471.62833425477965,377.56749672194064
2023-2024,Brentford,26.0,34097.0,368.63651655731644,410.8910002374251,388.3676845696106
2023-2024,Brest,23.0,30561.0,365.49498329805493,359.50054889842386,383.9165584212111
2023-2024,Brighton,28.0,34150.0,315.1444314940452,512.8845415301136,383.20325972340504
2023-2024,Burnley,29.0,34019.0,273.49596440809376,369.21604205601733,377.3034599513649
2023-2024,Cagliari,26.0,34048.0,299.69618400919705,237.8715455977677,361.8816439606617
2023-2024,Celta Vigo,29.0,34077.0,362.8509560837997,400.23874099839287,439.38508484299683
2023-2024,Chelsea,28.0,34098.0,514.8746248075204,472.3109431515821,384.86574454731164
2023-2024,Clermont Foot,28.0,30424.0,275.0742754763774,278.7378962002268,394.34010325192395
2023-2024,Crystal Palace,23.0,34178.0,407.8760133600137,377.5700265256577,376.64467054078966
2023-2024,Cádiz,30.0,33929.0,203.4862715669024,287.3328114317492,331.77707294966683
2023-2024,Darmstadt 98,30.0,30416.0,245.12639552771344,358.7424607689969,404.25062645526793
2023-2024,Dortmund,30.0,30422.0,451.43818843479454,413.02754964667486,414.33923354493317
2023-2024,Düsseldorf,24.0,30584.0,280.9115690484631,149.1032420799418,116.27733706503349
2023-2024,Eint Frankfurt,32.0,30502.0,348.2915175013335,372.9768456526099,397.1531392121777
2023-2024,Elversberg,23.0,30599.0,189.00504513483187,77.34397405129202,145.76139813690637
2023-2024,Empoli,31.0,34200.0,225.39865307671892,338.4280074401449,361.11511104003296
2023-2024,Everton,22.0,34143.0,289.97395680882136,319.13096266735863,432.24900292540144
2023-2024,Fiorentina,27.0,34200.0,329.8197000878157,484.3946143721026,320.9355293485221
2023-2024,Freiburg,24.0,30482.0,336.5544634163723,284.74931313815966,385.53532840038923
2023-2024,Frosinone,32.0,34199.0,319.8120387192146,314.8763662637127,343.1193509758781
2023-2024,Fulham,24.0,34095.0,376.3068403315864,451.5361585483757,430.9688804200818
2023-2024,Genoa,30.0,34139.0,315.5712117425776,352.67826433460516,344.3312980129594
2023-2024,Getafe,28.0,33913.0,283.41967492648996,278.65540288524875,323.5471932012466
2023-2024,Girona,22.0,34186.0,453.7835106498567,471.644891561128,344.1696091233205
2023-2024,Gladbach,25.0,30578.0,393.53308893123625,443.11323833015786,419.3600454400612
2023-2024,Granada,35.0,34078.0,257.52569895795057,380.89901379326534,358.0678604811035
2023-2024,Greuther Fürth,23.0,30522.0,193.5563271768363,92.11994168661212,98.65115037629452
2023-2024,Hamburger SV,23.0,30433.0,216.91468448882532,92.87478408602676,141.51696965358985
2023-2024,Hannover 96,26.0,30501.0,205.69009569789577,122.1614412423424,118.24489164248452
2023-2024,Hansa Rostock,25.0,30450.0,109.38527886657528,37.696248606535114,117.96030100646799
2023-2024,Heidenheim,20.0,30597.0,328.85028344253664,,379.1344512854918
2023-2024,Hellas Verona,33.0,34168.0,271.00779437706507,395.86559523993856,379.7333861982483
2023-2024,Hertha BSC,28.0,30564.0,290.8229099290944,75.05153589425092,130.10319171854286
2023-2024,Hoffenheim,28.0,30436.0,383.6998819448284,434.9695312238925,451.1422090858137
2023-2024,Holstein Kiel,24.0,30571.0,237.1935841561115,139.93094260993382,100.61821212482867
2023-2024,Inter,24.0,34199.0,559.5192224315134,559.5322924091547,316.45056312958894
2023-2024,Juventus,28.0,34126.0,314.11192623849587,435.47645184659336,357.555198002315
2023-2024,Kaiserslautern,28.0,30428.0,213.065842320187,104.84843650356298,114.85962002721007
2023-2024,Karlsruher,23.0,30596.0,244.70681657100792,88.47291451734243,88.60948590412941
2023-2024,Köln,25.0,30482.0,232.08852974016807,421.804788213628,467.2409938735304
2023-2024,Las Palmas,27.0,34018.0,241.5114256032145,350.86252967381273,390.58987756355987
2023-2024,Lazio,20.0,34147.0,342.74753648378146,391.16996518725864,317.3355715110296
2023-2024,Le Havre,25.0,30391.0,249.79464586854186,353.9044274562543,411.1130662888075
2023-2024,Lecce,25.0,34088.0,288.5917296403001,275.72094253111675,348.89350224069807
2023-2024,Lens,25.0,30498.0,387.4816841436682,316.85640464235786,344.12229659831655
2023-2024,Leverkusen,22.0,30600.0,594.6649475686082,494.6685263487003,289.56936339613367
2023-2024,Lille,24.0,30537.0,360.6278441446233,441.6078731623514,350.13008584221245
2023-2024,Liverpool,26.0,34009.0,521.7240394737582,454.3009192281238,367.6787040983191
2023-2024,Lorient,37.0,30598.0,309.08225495594183,418.4315374929576,392.89769145426936
2023-2024,Luton Town,26.0,34200.0,270.73384553062436,392.2408552002409,407.7322727975384
2023-2024,Lyon,32.0,30506.0,392.52086652628225,454.1931473233875,354.593636208747
2023-2024,Magdeburg,24.0,30490.0,168.18870355551624,78.43480893662608,135.93464524833084
2023-2024,Mainz 05,28.0,30581.0,298.87144435500215,395.07589054639004,381.1277070955818
2023-2024,Mallorca,22.0,34108.0,283.99301780818877,374.3234871364885,347.84440499805396
2023-2024,Manchester City,22.0,34153.0,519.1614715732461,448.1590050651288,298.35689965970806
2023-2024,Manchester Utd,28.0,34195.0,351.1962839082084,372.51942549104547,422.8061608516586
2023-2024,Marseille,29.0,30441.0,370.98266224910526,404.42715268040274,368.0481351738234
2023-2024,Metz,28.0,30548.0,273.43298882861677,288.16216319192256,392.2991813407356
2023-2024,Milan,31.0,34076.0,415.03546040571274,494.2254795317814,340.26465465434393
2023-2024,Monaco,28.0,30420.0,429.99702823005293,426.12223501424637,425.0018766684146
2023-2024,Montpellier,29.0,30550.0,270.27628978696436,578.33035569671,425.515333088674
2023-2024,Monza,28.0,34121.0,297.49935266005036,345.53036290199185,360.72629566193734
2023-2024,Nantes,31.0,30485.0,288.70642999390753,285.6880244633876,383.4723859165488
2023-2024,Napoli,26.0,34126.0,431.0473119801859,346.08587732910615,326.72760205461196
2023-2024,Newcastle Utd,27.0,34197.0,448.49051607698317,507.20048268334233,392.4698228844086
2023-2024,Nice,26.0,30521.0,331.01414636636065,334.10563823192814,377.6691961529985
2023-2024,Nott'ham Forest,30.0,34073.0,354.3717607172787,284.34423139342186,416.84060328074327
2023-2024,Nürnberg,28.0,30337.0,156.57082688142089,60.54044751833717,120.75701138088014
2023-2024,Osasuna,26.0,34094.0,267.5430989510908,289.1905390094851,305.2763945816038
2023-2024,Osnabrück,25.0,30497.0,106.36606013454048,48.406746830241275,109.59779059813036
2023-2024,Paderborn 07,29.0,30401.0,198.12499365358548,116.64660362811311,109.57554837484412
2023-2024,Paris S-G,26.0,30469.0,544.415227598164,496.662943292857,372.1382022907934
2023-2024,RB Leipzig,22.0,30579.0,534.266888098036,436.4960202796544,371.7035062026119
2023-2024,Rayo Vallecano,24.0,34085.0,230.29248265332564,305.6807718912011,335.9042897075319
2023-2024,Real Madrid,23.0,34159.0,556.930947217469,648.4299947300193,325.34420202644304
2023-2024,Real Sociedad,29.0,34143.0,316.8234103004413,323.0972693754901,344.9577050599475
2023-2024,Reims,27.0,30513.0,300.06644914458076,392.7397226817705,422.8007058895558
2023-2024,Rennes,27.0,30429.0,387.1944021784664,384.5153570022547,363.5068478634022
2023-2024,Roma,28.0,34057.0,391.2949141837599,421.13409809780285,333.75051223901613
2023-2024,Salernitana,35.0,34159.0,264.75636539082757,295.69010150866643,371.16984737008585
2023-2024,Sassuolo,27.0,34098.0,297.0012219238709,348.4288525810452,336.7572511039112
2023-2024,Schalke 04,30.0,30510.0,209.4580318202943,117.78588878412333,111.07764723531717
2023-2024,Sevilla,32.0,34179.0,341.6144702250025,348.3297154375125,387.05341136200843
2023-2024,Sheffield Utd,33.0,34073.0,275.65577352024167,385.99029871141636,408.9752694976337
2023-2024,St. Pauli,23.0,30549.0,225.27870695095575,124.32543631265902,90.09191570685402
2023-2024,Strasbourg,28.0,30584.0,276.3347554586092,307.6702993876831,463.2220921260948
2023-2024,Stuttgart,25.0,30554.0,524.4621040192657,493.5895128570415,384.534555033129
2023-2024,Torino,27.0,34108.0,259.38584551030635,401.1316025595028,324.38058444901293
2023-2024,Tottenham,26.0,34032.0,496.60022227243485,358.5549959798462,413.6585019752401
2023-2024,Toulouse,25.0,30592.0,287.638592899556,427.5728757046525,379.5248666253493
2023-2024,Udinese,29.0,34095.0,297.98217244923444,358.6846711012564,383.4521387919628
2023-2024,Union Berlin,28.0,30340.0,303.91912689961686,338.6386705293184,381.83950097131896
2023-2024,Valencia,26.0,34063.0,243.15954319033688,332.2426115463162,376.08996242863424
2023-2024,Villarreal,30.0,33908.0,429.75415032086846,385.1198405206751,374.9313572081033
2023-2024,Wehen,24.0,30406.0,201.77985280910664,78.62208839429148,146.62544155588097
2023-2024,Werder Bremen,26.0,30528.0,363.36511950456634,460.0541167554355,431.6859458081678
2023-2024,West Ham,23.0,34154.0,316.7476016279756,582.5941021170879,405.3052533211241
2023-2024,Wolfsburg,25.0,30407.0,283.7848104625515,383.1750202063457,406.80225089475437
2023-2024,Wolves,24.0,34082.0,398.75560385983056,290.66196492842244,403.3380833576793
2024-2025,Alavés,26.0,34140.0,241.90832201934836,339.3405960031038,373.91614057096103
2024-2025,Angers,28.0,30454.0,249.50252361438018,225.5255803276386,388.3957323377881
2024-2025,Arsenal,23.0,33970.0,403.7203870746017,340.22014604545456,302.8316182089586
2024-2025,Aston Villa,26.0,34083.0,360.12687122188606,486.5541317472847,332.2614523432023
2024-2025,Atalanta,29.0,34190.0,542.4539882267378,451.88668213687515,315.61007304015726
2024-2025,Athletic Club,28.0,34158.0,322.26140347582424,376.57157723828476,361.6345489526392
2024-2025,Atlético Madrid,22.0,34112.0,463.6539958205572,483.2527750470899,358.45973754636185
2024-2025,Augsburg,27.0,30454.0,282.63974856713537,281.04703652251766,392.1256373795516
2024-2025,Auxerre,27.0,30412.0,395.8113347204298,272.0021380912035,431.0563459158447
2024-2025,BTSV,26.0,30464.0,156.68263384402852,70.49384791574815,172.98645905360416
2024-2025,Barcelona,25.0,34157.0,592.8823062006047,545.004783929878,282.3002005017786
2024-2025,Bayern Munich,23.0,30547.0,590.125651497965,515.5922236992114,330.1769754688772
2024-2025,Betis,33.0,34105.0,364.79211964625875,327.05000028894835,379.28394106410326
2024-2025,Bochum,25.0,30517.0,284.77203552095114,345.1657920835699,411.0627810527
2024-2025,Bologna,28.0,34061.0,361.95364659381505,395.620347502704,326.6014549158469
2024-2025,Bournemouth,24.0,34099.0,416.4736124375288,437.3554893373457,375.63205981677083
2024-2025,Brentford,25.0,34146.0,358.38003934609833,242.36024844720495,401.66387892557196
2024-2025,Brest,27.0,30531.0,341.9221794860347,295.697787950866,402.87044820212475
2024-2025,Brighton,30.0,34137.0,384.15745606604423,384.5223092189034,365.3815075432799
2024-2025,Cagliari,23.0,34109.0,273.8505820046916,352.5715928004074,362.90990716840514
2024-2025,Celta Vigo,25.0,34067.0,359.6110107104583,407.74704490070377,386.24644150075005
2024-2025,Chelsea,26.0,34143.0,425.50779499931076,350.66509182354673,361.0521685477808
2024-2025,Como,35.0,34008.0,333.83760828475835,485.1137357741071,344.3370415066555
2024-2025,Crystal Palace,28.0,34125.0,426.2645091142599,424.4343461203038,414.867448081489
2024-2025,Darmstadt 98,25.0,30522.0,232.93526481295714,51.305863290756584,106.76757295542588
2024-2025,Dortmund,26.0,30416.0,446.9620569936818,484.34385579911395,388.2383014393684
2024-2025,Düsseldorf,28.0,30548.0,270.5707115986925,101.7522462033233,111.62407279380184
2024-2025,Eint Frankfurt,24.0,30585.0,489.64905305315267,429.79751696104154,424.04716433558906
2024-2025,Elversberg,21.0,30549.0,265.25862022435774,134.31852574878806,138.07451015724308
2024-2025,Empoli,29.0,34049.0,199.34724247696707,360.2633438373704,440.8189197789083
2024-2025,Espanyol,26.0,34189.0,257.43153081269236,255.67857944935187,414.20864080761334
2024-2025,Everton,25.0,34174.0,263.64867347701204,281.1987985228135,387.33817349467193
2024-2025,Fiorentina,32.0,34192.0,315.76557583110815,437.74357132788003,357.6696726136716
2024-2025,Freiburg,24.0,30571.0,322.97260812410747,240.4479952979655,351.91947310204324
2024-2025,Fulham,24.0,34164.0,390.3042625873559,336.4739618929481,404.2380021394588
2024-2025,Genoa,33.0,34131.0,218.28190896101904,220.02519097321778,358.36230883601104
2024-2025,Getafe,29.0,34058.0,198.8876802299444,367.7330894914812,360.34741558688125
2024-2025,Girona,27.0,34182.0,284.45358685732316,335.1974755851427,375.94058316889124
2024-2025,Gladbach,22.0,30539.0,418.7210559548814,333.329347722749,396.0012326841333
2024-2025,Greuther Fürth,28.0,30520.0,160.55432791915618,83.62050335754152,144.48387003012093
2024-2025,Hamburger SV,28.0,30517.0,258.0277446539997,91.47100299773176,121.67824097501904
2024-2025,Hannover 96,23.0,30505.0,141.173139301004,62.12103614140033,119.69421403657448
2024-2025,Heidenheim,24.0,30585.0,301.8483372226774,417.97594373092414,413.508379849711
2024-2025,Hellas Verona,29.0,33991.0,242.28931158053183,344.42522373547973,396.08778934615054
2024-2025,Hertha BSC,25.0,30582.0,211.5084216809388,119.94823632833545,138.1733335668891
2024-2025,Hoffenheim,33.0,30464.0,332.9186092301037,332.13830260099184,410.39935423536014
2024-2025,Holstein Kiel,25.0,30501.0,386.6028192180352,390.34252795278394,391.523120152841
2024-2025,Inter,24.0,34199.0,400.33997081984,589.3746654567054,338.9938274115251
2024-2025,Ipswich Town,28.0,33998.0,251.05800785391736,268.48660441836654,397.0472929535039
2024-2025,Jahn R'burg,28.0,30573.0,107.13359617357408,31.46596188444501,148.20939784227107
2024-2025,Juventus,27.0,34121.0,317.8494072725394,455.11197748607134,345.4159532936885
2024-2025,Kaiserslautern,29.0,30594.0,214.0180142834389,109.13138099320663,148.356856205729
2024-2025,Karlsruher,24.0,30592.0,213.35149678382953,103.56706477928941,110.58721340903246
2024-2025,Köln,27.0,30555.0,241.50403456901415,92.61593066901864,142.892721152551
2024-2025,Las Palmas,31.0,34058.0,289.0716470501246,341.5924606123728,397.4432964698464
2024-2025,Lazio,25.0,34039.0,363.4935644429759,455.3173309597125,323.47234598461915
2024-2025,Le Havre,27.0,30442.0,200.75619247745303,315.06144384709665,416.7015283240187
2024-2025,Lecce,30.0,33952.0,259.37634737149506,248.9596583941542,378.835511915651
2024-2025,Leganés,24.0,34034.0,243.23116294236814,296.56254276766805,422.3800619079678
2024-2025,Leicester City,26.0,34196.0,255.76361228775716,278.3730759718041,426.5858954161626
2024-2025,Lens,29.0,30444.0,296.4683139121695,427.1613375946718,401.4533000179975
2024-2025,Leverkusen,21.0,30570.0,460.4637527774695,590.8876023457598,323.06453123261207
2024-2025,Lille,25.0,30574.0,412.07147008378143,334.46170428797154,343.48276495761957
2024-2025,Liverpool,21.0,34101.0,567.681725122178,468.5899979834262,352.6332242245722
2024-2025,Lyon,27.0,30597.0,491.76468983677137,392.29306132552466,384.02454306376893
2024-2025,Magdeburg,27.0,30522.0,203.2772852243098,113.12203155218717,157.31216978192737
2024-2025,Mainz 05,22.0,30359.0,401.1688338985115,447.8595648917008,387.66967010342233
2024-2025,Mallorca,26.0,34017.0,264.37270700461926,252.08113353479615,375.3724614775921
2024-2025,Manchester City,27.0,34168.0,396.93050184867263,395.89101905560943,306.0582029686031
2024-2025,Manchester Utd,29.0,34059.0,376.3504387833249,361.73711873695237,388.0960810191484
2024-2025,Marseille,30.0,30333.0,480.5113492639594,510.34753033270977,335.4246361925306
2024-2025,Milan,32.0,33993.0,385.0336805191051,411.2126908355956,339.90779027168946
2024-2025,Monaco,26.0,30484.0,427.4822633294968,520.1015863475052,399.2762903936622
2024-2025,Montpellier,33.0,30518.0,227.5976899579196,379.4334760876579,368.97817453499505
2024-2025,Monza,33.0,34124.0,226.26745006685397,232.29405388536244,368.0836389315944
2024-2025,Nantes,27.0,30465.0,329.4854058432968,339.7147307964997,407.63957688004245
2024-2025,Napoli,23.0,34198.0,343.4209780376378,381.1576701651198,349.8477354397439
2024-2025,Newcastle Utd,22.0,34137.0,415.5109164658107,446.05774227027376,365.6099057081303
2024-2025,Nice,30.0,30567.0,425.18467219959274,387.9320272916437,433.0739888528192
2024-2025,Nott'ham Forest,22.0,34179.0,331.42591316648276,416.89104747831607,409.125606586986
2024-2025,Nürnberg,31.0,30497.0,268.4602156695604,102.56013902648931,126.12989549526289
2024-2025,Osasuna,23.0,34200.0,315.14865502392803,288.8236509981478,339.8204966142958
2024-2025,Paderborn 07,27.0,30474.0,200.36484955104171,96.99863533714058,106.69515428301091
2024-2025,Paris S-G,25.0,30600.0,622.3123374252683,569.5799253528481,378.84684277036416
2024-2025,Parma,30.0,33990.0,271.15048261291315,364.41355376610227,368.0556558566072
2024-2025,Preußen Münster,25.0,30600.0,109.1127245763063,61.97883152154619,125.87126540366806
2024-2025,RB Leipzig,26.0,30521.0,380.97450629359275,309.29914066428614,405.3556248664725
2024-2025,Rayo Vallecano,24.0,34036.0,250.77178153677372,335.91088361724695,388.7736536662162
2024-2025,Real Madrid,26.0,34080.0,547.5520395972554,569.5518905060562,345.9027674079609
2024-2025,Real Sociedad,29.0,33977.0,285.1964478600741,334.3351493121324,370.54617665832296
2024-2025,Reims,32.0,30427.0,284.8322721851785,289.16418050190606,393.6311335474072
2024-2025,Rennes,31.0,30534.0,330.0235259265713,418.6196980450009,414.6812818638663
2024-2025,Roma,26.0,34173.0,384.7445247386157,380.22293980095986,329.60517306923833
2024-2025,Saint-Étienne,30.0,30456.0,360.6130647213044,359.2157194730384,429.2876419989628
2024-2025,Schalke 04,30.0,30399.0,231.5062493511599,98.54867145048854,120.01959575221935
2024-2025,Sevilla,33.0,34000.0,285.5393009740635,455.0394561169938,400.2002088462564
2024-2025,Southampton,33.0,34118.0,191.3504643821797,355.1328398938799,399.2473575393049
2024-2025,St. Pauli,24.0,30560.0,250.68302304437682,347.7100925632793,412.0046240222653
2024-2025,Strasbourg,28.0,30597.0,336.684209824641,391.7018256024647,410.1096593870731
2024-2025,Stuttgart,27.0,30446.0,421.2072065591147,481.852227145109,427.83694919738747
2024-2025,Torino,27.0,34062.0,243.14238216491322,268.88133147391125,352.3017816970306
2024-2025,Tottenham,27.0,34199.0,417.2794045934455,313.5402620379684,404.16796644028716
2024-2025,Toulouse,24.0,30419.0,310.65403689327815,397.9474114224844,377.18381618226505
2024-2025,Udinese,28.0,33972.0,287.36324199445653,342.08656776217686,368.76681617158096
2024-2025,Ulm,26.0,30453.0,209.68035075892337,73.2574031874842,140.25850018632732
2024-2025,Union Berlin,26.0,30546.0,299.87693376415666,284.9319297887845,417.08120663635515
2024-2025,Valencia,30.0,34178.0,272.72344766102674,392.07956291485465,374.4192874100217
2024-2025,Valladolid,35.0,34095.0,224.4422262731255,345.16355828223266,387.8231960976957
2024-2025,Venezia,33.0,34181.0,219.89799557582785,320.0249443651335,363.74541279203663
2024-2025,Villarreal,29.0,34056.0,440.42871478878504,384.09372284903907,380.9927509944413
2024-2025,Werder Bremen,22.0,30558.0,369.9055901743888,366.9921717895386,431.8341768464815
2024-2025,West Ham,24.0,34137.0,291.4762124168344,317.8486369248745,405.57878223073277
2024-2025,Wolfsburg,25.0,30509.0,350.01616925861896,390.5769504692209,396.97332081534535
2024-2025,Wolves,25.0,34174.0,365.1821492123031,291.77704937628545,377.6963591185222
2025-2026,Alavés,21.0,10797.0,242.83400773135278,300.70264913493924,354.65585599368694
2025-2026,Angers,23.0,10766.0,236.23648012632188,340.02995441246514,391.2814826533216
2025-2026,Arminia,21.0,10761.0,211.62039350591988,118.61204165904212,112.92712259229792
2025-2026,Arsenal,22.0,9900.0,338.737816859365,540.2361036317891,330.1982220523933
2025-2026,Aston Villa,21.0,9875.0,243.25016998066977,467.2111880902641,337.2758232737733
2025-2026,Atalanta,21.0,9889.0,401.27830591339415,427.9210316289593,326.70035308919506
2025-2026,Athletic Club,24.0,10770.0,266.7709042955209,291.6506482947446,352.3187302109288
2025-2026,Atlético Madrid,21.0,10730.0,463.7970287342318,433.28033408585117,333.51521778522215
2025-2026,Augsburg,20.0,8996.0,312.8716248844122,344.2864144898328,461.1416201632139
2025-2026,Auxerre,22.0,10703.0,217.38394114548018,292.8835350043215,353.4174321695403
2025-2026,BTSV,22.0,11553.0,97.21843449625078,71.03976853050928,120.5602865888663
2025-2026,Barcelona,23.0,10798.0,570.215292745482,632.1600688274965,329.46704719789966
2025-2026,Bayern Munich,19.0,9000.0,676.0526837727781,504.98408020927167,321.98689125783966
2025-2026,Betis,22.0,10799.0,429.6643227068735,492.89164904862577,374.03632269691286
2025-2026,Bochum,27.0,11700.0,153.57315090692163,50.00666772608789,99.95050809098602
2025-2026,Bologna,23.0,9892.0,373.2825943744504,268.5502298626738,304.810647637323
2025-2026,Bournemouth,21.0,9898.0,327.7212342022447,278.01112890392153,415.82002258734286
2025-2026,Brentford,20.0,9900.0,339.59914045966013,377.189320263993,359.80376590578544
2025-2026,Brest,23.0,10763.0,327.3780015266145,217.610500220529,352.579033688989
2025-2026,Brighton,21.0,9898.0,307.36956126227926,263.2062314076397,397.13523062414356
2025-2026,Burnley,21.0,9890.0,262.2586647813814,314.19285733123854,427.6107375162249
2025-2026,Cagliari,23.0,9900.0,203.55018176502233,280.1031510929942,365.93184927463744
2025-2026,Celta Vigo,24.0,10754.0,335.9614663543487,417.47770941710013,387.9699911015965
2025-2026,Chelsea,23.0,9774.0,388.52564024358384,474.2746266381827,389.8747089301336
2025-2026,Como,21.0,9887.0,308.7827331904661,329.63020657867173,395.56472713684104
2025-2026,Cremonese,25.0,9900.0,219.58689412196216,369.8919544996859,387.33400332914715
2025-2026,Crystal Palace,19.0,9896.0,383.24443798636577,379.3446290230225,452.7515476374838
2025-2026,Darmstadt 98,23.0,11691.0,319.64086254384057,106.44335048168867,132.84314426586536
2025-2026,Dortmund,22.0,8994.0,362.132700155085,450.7030501067768,367.7074422644773
2025-2026,Dresden,22.0,11662.0,168.16205862927706,52.80896899822731,86.12553513519957
2025-2026,Düsseldorf,25.0,11653.0,154.80499255241202,37.409707663638486,83.83891765259338
2025-2026,Eint Frankfurt,20.0,9000.0,434.64466416967355,336.04248995533953,400.2886442848598
2025-2026,Elche,25.0,10788.0,309.6637168479044,283.11542396020263,385.0923395074738
2025-2026,Elversberg,19.0,10715.0,384.9586479917214,146.47623777448413,142.68360798534346
2025-2026,Espanyol,21.0,10754.0,340.65617014487145,229.79113717229293,375.36445754798274
2025-2026,Everton,16.0,9897.0,289.6779646729157,338.0586861891571,381.27045138894067
2025-2026,Fiorentina,22.0,9895.0,229.3927902609269,395.51224892918367,358.4178961458826
2025-2026,Freiburg,22.0,8982.0,250.07008782092868,315.76948877947524,315.67557765004955
2025-2026,Fulham,20.0,9899.0,229.84156840585203,354.7652227699621,388.09521662224626
2025-2026,Genoa,23.0,9900.0,173.59523655677592,298.1835230513261,329.99769885395716
2025-2026,Getafe,22.0,10779.0,202.3414785562711,407.51092152934024,358.5149315426579
2025-2026,Girona,26.0,10637.0,253.43862933682843,270.4255464805232,404.1637618978714
2025-2026,Gladbach,22.0,8928.0,358.06555244870697,304.76339603322043,382.13138744612144
2025-2026,Greuther Fürth,22.0,11606.0,236.66780401656104,71.13235974267847,102.62337019298076
2025-2026,Hamburger SV,24.0,8965.0,252.77942553869397,588.0350563217182,409.43693117191066
2025-2026,Hannover 96,22.0,11700.0,150.0633696773548,145.5153292173054,104.51097023010855
2025-2026,Heidenheim,22.0,8928.0,283.52300021574086,232.8042328042328,380.97833231007695
2025-2026,Hellas Verona,23.0,9899.0,217.64343061700174,285.6010687818727,390.2663462658285
2025-2026,Hertha BSC,23.0,11685.0,259.2053957060407,65.9201042510061,136.5204140796252
2025-2026,Hoffenheim,20.0,9000.0,416.91568405989983,474.74500477747875,445.853359334446
2025-2026,Holstein Kiel,22.0,10800.0,141.39156798904327,45.738099011993455,113.10607915813814
2025-2026,Inter,22.0,9900.0,443.77753652849077,687.0523262784369,296.06722192900673
2025-2026,Juventus,21.0,9892.0,327.67122603606697,409.1355928089514,301.9157203662375
2025-2026,Kaiserslautern,23.0,10754.0,252.5195823612987,76.9824458997932,123.27600344953012
2025-2026,Karlsruher,23.0,10800.0,203.74695972957576,134.6360787098716,137.3702724446918
2025-2026,Köln,21.0,9000.0,491.3847895519135,344.4592781615083,402.18727347908197
2025-2026,Lazio,23.0,9894.0,294.64390722983796,410.50775923996156,346.7279946120439
2025-2026,Le Havre,22.0,10743.0,282.0085835322741,262.96910212811036,353.4503494153384
2025-2026,Lecce,22.0,9900.0,164.11004322362734,303.16460857251116,342.72972164713894
2025-2026,Leeds United,20.0,9900.0,244.75892647795422,394.2932172980441,343.3647739719776
2025-2026,Lens,21.0,10692.0,442.85139869852026,567.9038106993157,418.29710104841905
2025-2026,Levante,23.0,10738.0,356.6956351944243,305.59671343855746,389.84822679174994
2025-2026,Leverkusen,24.0,8967.0,462.5233972125323,384.9097454826992,320.56857443965964
2025-2026,Lille,23.0,10794.0,436.52293244721216,394.1948958221909,349.2084375979976
2025-2026,Liverpool,19.0,9899.0,389.60911419932336,507.7895639243614,384.16114372749144
2025-2026,Lorient,20.0,10719.0,296.22110286592823,363.9347807039265,349.9276916713923
2025-2026,Lyon,21.0,10670.0,304.9603600018656,378.4149363888228,387.2985857930593
2025-2026,Magdeburg,26.0,11679.0,94.7439228291009,30.303030303030305,169.59881370659753
2025-2026,Mainz 05,21.0,8909.0,249.23739678081532,393.73333333333335,366.12670115548724
2025-2026,Mallorca,23.0,10689.0,267.18214718083937,269.1853232311599,394.57273899872774
2025-2026,Manchester City,21.0,9900.0,415.10393534667975,429.28033223932283,376.81652807383773
2025-2026,Manchester Utd,18.0,9854.0,359.7406383657154,558.3641231564736,359.2147082868927
2025-2026,Marseille,27.0,10712.0,479.7320097366186,489.64940336416356,327.1597161743617
2025-2026,Metz,24.0,10742.0,298.05773024061364,196.1640041066141,377.993814892415
2025-2026,Milan,22.0,9866.0,328.1308325036944,567.3936418191738,316.7902618414171
2025-2026,Monaco,25.0,10701.0,371.38126745992065,487.2255426874555,434.39070622108505
2025-2026,Nantes,21.0,10800.0,264.0653114282146,313.4942480648312,348.916337381907
2025-2026,Napoli,21.0,9898.0,307.9916886551054,443.3825328519489,319.0660231798511
2025-2026,Newcastle Utd,21.0,9836.0,308.3422091467572,459.72048123036745,366.748063088304
2025-2026,Nice,23.0,10758.0,379.7363511398717,455.1817325728776,421.48467652572964
2025-2026,Nott'ham Forest,24.0,9900.0,256.5251373445366,428.2705858482364,385.6874982085059
2025-2026,Nürnberg,23.0,10794.0,134.31578271011307,51.924023270197424,117.53894800560724
2025-2026,Osasuna,19.0,10748.0,258.2387164120772,300.9808916986072,395.394293687714
2025-2026,Oviedo,26.0,10724.0,178.6471978368283,365.6754123637935,397.0662969433433
2025-2026,Paderborn 07,21.0,11621.0,237.45486799597649,103.18546170837469,138.39902556274367
2025-2026,Paris FC,23.0,10769.0,387.5860192290226,475.7034093696346,348.60566193434795
2025-2026,Paris S-G,21.0,10800.0,377.015038248538,656.0262101117274,324.8526594305935
2025-2026,Parma,21.0,9794.0,182.3958421352271,232.1557624850367,347.11792595793764
2025-2026,Pisa,24.0,9845.0,218.6239939744118,297.25603375000645,382.9075340709888
2025-2026,Preußen Münster,25.0,11639.0,166.94713652783398,87.3852147789371,114.29538688109959
2025-2026,RB Leipzig,21.0,8996.0,428.1434763625448,536.6330684592618,478.1772764951147
2025-2026,Rayo Vallecano,23.0,10799.0,280.18106319603805,487.4097596441708,444.06021007844487
2025-2026,Real Madrid,22.0,10741.0,573.8572014962145,428.4265015696367,348.9500092047088
2025-2026,Real Sociedad,25.0,10800.0,325.89430114767464,265.94226066429377,368.16545955796636
2025-2026,Rennes,24.0,10571.0,438.34002438886364,434.79077279035704,379.0233563120467
2025-2026,Roma,22.0,9900.0,348.4342971671932,339.2365757122452,339.3186878914112
2025-2026,Sassuolo,23.0,9888.0,355.46676930857393,294.0075801970919,363.9164249900475
2025-2026,Schalke 04,25.0,11698.0,182.78421402230921,110.82248714113848,144.94094585845193
2025-2026,Sevilla,26.0,10800.0,321.9210448158745,335.49193073857884,441.5968315637881
2025-2026,St. Pauli,18.0,9000.0,237.82096355123866,347.16791189410236,343.09159208595094
2025-2026,Strasbourg,23.0,10774.0,453.42312743876806,445.9454032401147,353.2976934229411
2025-2026,Stuttgart,23.0,9000.0,387.55659845765,473.4010943114616,398.3159499696241
2025-2026,Sunderland,21.0,9840.0,222.05106579400777,339.4692639621798,404.8764245327158
2025-2026,Torino,22.0,9896.0,246.5622810879903,290.24059534261465,385.94110684556034
2025-2026,Tottenham,19.0,9900.0,297.9269493954127,380.46747380181847,344.7369077703946
2025-2026,Toulouse,21.0,10789.0,346.88978870926087,277.4919701554242,382.4078437418716
2025-2026,Udinese,24.0,9900.0,339.9426680843868,276.06490072819435,350.0612278571976
2025-2026,Union Berlin,18.0,8991.0,321.0170157800785,257.43112547293606,365.63791036238734
2025-2026,Valencia,20.0,10731.0,254.13858032893162,426.0842772363466,383.27241039975036
2025-2026,Villarreal,23.0,10786.0,444.06720460356433,470.626916386315,423.6425897791955
2025-2026,Werder Bremen,20.0,8970.0,307.84739582573684,450.70470104974896,419.8092064772077
2025-2026,West Ham,23.0,9863.0,255.12601692436553,352.1236971427117,358.49077097593937
2025-2026,Wolfsburg,20.0,8995.0,302.64100519445606,456.2121212121212,425.3080942087726
2025-2026,Wolves,22.0,9803.0,166.73771065510581,241.62523583284124,393.8343212863932
