Rk,Squad,Comp,# Pl,Age,Poss,MP,Starts,Min,90s,Gls,Ast,G+A,G-PK,PK,PKatt,CrdY,CrdR,xG,npxG,xAG,npxG+xAG,PrgC,PrgP,G+A-PK,xG+xAG,Rk_stats_teams_shooting_for,Comp_stats_teams_shooting_for,# Pl_stats_teams_shooting_for,90s_stats_teams_shooting_for,Gls_stats_teams_shooting_for,Sh,SoT,SoT%,Sh/90,SoT/90,G/Sh,G/SoT,Dist,FK,PK_stats_teams_shooting_for,PKatt_stats_teams_shooting_for,xG_stats_teams_shooting_for,npxG_stats_teams_shooting_for,npxG/Sh,G-xG,np:G-xG,Rk_stats_teams_passing_for,Comp_stats_teams_passing_for,# Pl_stats_teams_passing_for,90s_stats_teams_passing_for,Cmp,Att,Cmp%,TotDist,PrgDist,Ast_stats_teams_passing_for,xAG_stats_teams_passing_for,xA,A-xAG,KP,1/3,PPA,CrsPA,PrgP_stats_teams_passing_for,Rk_stats_teams_passing_types_for,Comp_stats_teams_passing_types_for,# Pl_stats_teams_passing_types_for,90s_stats_teams_passing_types_for,Att_stats_teams_passing_types_for,Live,Dead,FK_stats_teams_passing_types_for,TB,Sw,Crs,TI,CK,In,Out,Str,Cmp_stats_teams_passing_types_for,Off,Blocks,Rk_stats_teams_gca_for,Comp_stats_teams_gca_for,# Pl_stats_teams_gca_for,90s_stats_teams_gca_for,SCA,SCA90,PassLive,PassDead,TO,Sh_stats_teams_gca_for,Fld,Def,GCA,GCA90,Rk_stats_teams_defense_for,Comp_stats_teams_defense_for,# Pl_stats_teams_defense_for,90s_stats_teams_defense_for,Tkl,TklW,Def 3rd,Mid 3rd,Att 3rd,Att_stats_teams_defense_for,Tkl%,Lost,Blocks_stats_teams_defense_for,Sh_stats_teams_defense_for,Pass,Int,Tkl+Int,Clr,Err,Rk_stats_teams_possession_for,Comp_stats_teams_possession_for,# Pl_stats_teams_possession_for,Poss_stats_teams_possession_for,90s_stats_teams_possession_for,Touches,Def Pen,Def 3rd_stats_teams_possession_for,Mid 3rd_stats_teams_possession_for,Att 3rd_stats_teams_possession_for,Att Pen,Live_stats_teams_possession_for,Att_stats_teams_possession_for,Succ,Succ%,Tkld,Tkld%,Carries,TotDist_stats_teams_possession_for,PrgDist_stats_teams_possession_for,PrgC_stats_teams_possession_for,1/3_stats_teams_possession_for,CPA,Mis,Dis,Rec,PrgR,Rk_stats_teams_playing_time_for,Comp_stats_teams_playing_time_for,# Pl_stats_teams_playing_time_for,Age_stats_teams_playing_time_for,MP_stats_teams_playing_time_for,Min_stats_teams_playing_time_for,Mn/MP,Min%,90s_stats_teams_playing_time_for,Starts_stats_teams_playing_time_for,Mn/Start,Compl,Subs,Mn/Sub,unSub,PPM,onG,onGA,+/-,+/-90,onxG,onxGA,xG+/-,xG+/-90,Rk_stats_teams_misc_for,Comp_stats_teams_misc_for,# Pl_stats_teams_misc_for,90s_stats_teams_misc_for,CrdY_stats_teams_misc_for,CrdR_stats_teams_misc_for,2CrdY,Fls,Fld_stats_teams_misc_for,Off_stats_teams_misc_for,Crs_stats_teams_misc_for,Int_stats_teams_misc_for,TklW_stats_teams_misc_for,PKwon,PKcon,OG,Recov,Won,Lost_stats_teams_misc_for,Won%,Rk_stats_teams_keeper_for,Comp_stats_teams_keeper_for,# Pl_stats_teams_keeper_for,MP_stats_teams_keeper_for,Starts_stats_teams_keeper_for,Min_stats_teams_keeper_for,90s_stats_teams_keeper_for,GA,GA90,SoTA,Saves,Save%,W,D,L,CS,CS%,PKatt_stats_teams_keeper_for,PKA,PKsv,PKm,Rk_stats_teams_keeper_adv_for,Comp_stats_teams_keeper_adv_for,# Pl_stats_teams_keeper_adv_for,90s_stats_teams_keeper_adv_for,GA_stats_teams_keeper_adv_for,PKA_stats_teams_keeper_adv_for,FK_stats_teams_keeper_adv_for,CK_stats_teams_keeper_adv_for,OG_stats_teams_keeper_adv_for,PSxG,PSxG/SoT,PSxG+/-,/90,Cmp_stats_teams_keeper_adv_for,Att_stats_teams_keeper_adv_for,Cmp%_stats_teams_keeper_adv_for,Att (GK),Thr,Launch%,AvgLen,Opp,Stp,Stp%,#OPA,#OPA/90,AvgDist
1,Alavés,es La Liga,23,27.9,49.2,15,165,1350,15.0,12,5,17,8,4,4,36,1,15.9,12.9,9.7,22.7,196,468,0.87,1.71,1,es La Liga,23,15.0,12,166,47,28.3,11.07,3.13,0.05,0.17,18.7,2,4,4,15.9,12.9,0.08,-3.9,-4.9,1,es La Liga,23,15.0,5420,6944,78.1,93260,35367,5,9.7,9.5,-4.7,120,437,79,33,468,1,es La Liga,23,15.0,6944,6167,740,224,15,30,284,293,79,20,37,0,5420,37,136,1,es La Liga,23,15.0,292,19.47,212,29,17,14,14,6,17,1.13,1,es La Liga,23,15.0,273,163,130,109,34,265,48.3,137,177,53,124,125,398,370,6,1,es La Liga,23,49.2,15.0,8775,787,2556,4233,2066,274,8771,286,115,40.2,141,49.3,4399,20934,10270,196,153,49,244,159,5376,466,1,es La Liga,23,27.9,15,1350,90,100,15.0,165,80,92,73,22,97,1.2,13,15,-2,-0.13,15.9,15.0,0.9,0.06,1,es La Liga,23,15.0,36,1,1,245,196,37,284,125,163,2,1,0,662,257,246,51.1,1,es La Liga,1,15,15,1350,15.0,15,1.0,48,33,70.8,5,3,7,3,20.0,1,1,0,0,1,es La Liga,1,15.0,15,1,0,0,0,14.9,0.3,-0.1,-0.01,113,275,41.1,296,41,60.1,44.3,198,8,4.0,9,0.6,12.2
2,Angers,fr Ligue 1,25,26.0,41.0,15,165,1350,15.0,12,6,18,11,1,1,21,1,14.0,13.2,10.0,23.3,239,398,1.13,1.6,2,fr Ligue 1,25,15.0,12,127,47,37.0,8.47,3.13,0.09,0.23,17.6,2,1,1,14.0,13.2,0.11,-2.0,-2.2,2,fr Ligue 1,25,15.0,5191,6474,80.2,90205,32632,6,10.0,8.8,-4.0,93,274,79,23,398,2,fr Ligue 1,25,15.0,6474,5811,635,179,19,25,206,233,52,32,13,0,5191,28,115,2,fr Ligue 1,25,15.0,219,14.6,172,15,10,13,4,5,21,1.4,2,fr Ligue 1,25,15.0,281,179,154,107,20,241,57.3,103,179,47,132,147,428,379,11,2,fr Ligue 1,25,41.0,15.0,8261,1115,3404,3619,1330,210,8260,230,81,35.2,140,60.9,4257,21936,11287,239,144,56,261,123,5166,397,2,fr Ligue 1,25,26.0,15,1350,90,100,15.0,165,81,93,71,20,64,1.27,13,17,-4,-0.27,14.0,26.8,-12.8,-0.85,2,fr Ligue 1,25,15.0,21,1,0,169,159,28,206,147,179,1,4,0,639,156,180,46.4,2,fr Ligue 1,2,15,15,1350,15.0,17,1.13,80,61,80.0,5,4,6,5,33.3,4,1,2,1,2,fr Ligue 1,2,15.0,17,1,0,3,0,24.9,0.29,7.9,0.53,52,179,29.1,385,79,35.6,33.3,245,26,10.6,10,0.67,10.1
3,Arsenal,eng Premier League,23,26.4,58.4,15,165,1350,15.0,28,21,49,26,2,2,20,0,25.4,23.8,16.6,40.4,303,653,3.13,2.8,3,eng Premier League,23,15.0,28,215,76,35.3,14.33,5.07,0.12,0.34,15.4,5,2,2,25.4,23.8,0.12,2.6,2.2,3,eng Premier League,23,15.0,6631,8021,82.7,115304,35748,21,16.6,17.3,4.4,148,534,141,19,653,3,eng Premier League,23,15.0,8021,7375,623,166,47,26,276,268,89,71,7,0,6631,23,112,3,eng Premier League,23,15.0,372,24.8,266,26,22,35,19,4,51,3.4,3,eng Premier League,23,15.0,246,141,100,100,46,188,55.9,83,144,40,104,101,347,352,7,3,eng Premier League,23,58.4,15.0,9692,855,2545,4512,2716,456,9690,258,108,41.9,122,47.3,5459,29844,15625,303,219,82,230,117,6540,646,3,eng Premier League,23,26.4,15,1350,90,100,15.0,165,81,101,65,23,70,2.2,28,9,19,1.27,25.4,9.3,16.1,1.07,3,eng Premier League,23,15.0,20,0,0,154,160,23,276,101,141,2,0,0,597,235,224,51.2,3,eng Premier League,1,15,15,1350,15.0,9,0.6,34,25,73.5,10,3,2,8,53.3,0,0,0,0,3,eng Premier League,1,15.0,9,0,1,2,0,7.7,0.23,-1.3,-0.09,75,224,33.5,446,64,41.9,35.1,131,12,9.2,24,1.6,18.6
4,Aston Villa,eng Premier League,23,28.4,52.4,15,165,1350,15.0,22,16,38,22,0,0,22,1,16.0,16.0,12.7,28.6,218,540,2.53,1.91,4,eng Premier League,23,15.0,22,178,63,35.4,11.87,4.2,0.12,0.35,17.2,6,0,0,16.0,16.0,0.09,6.0,6.0,4,eng Premier League,23,15.0,5753,7034,81.8,101610,35273,16,12.7,12.1,3.3,133,456,119,22,540,4,eng Premier League,23,15.0,7034,6299,718,251,38,30,249,235,78,53,6,0,5753,17,140,4,eng Premier League,23,15.0,314,20.93,230,28,13,24,13,6,37,2.47,4,eng Premier League,23,15.0,235,139,110,101,24,226,51.3,110,159,63,96,87,322,358,12,4,eng Premier League,23,52.4,15.0,8669,1190,2997,3693,2049,338,8669,280,105,37.5,136,48.6,5012,25354,12811,218,138,55,197,172,5646,533,4,eng Premier League,23,28.4,15,1350,90,100,15.0,165,82,97,71,19,64,2.0,22,15,7,0.47,16.0,20.4,-4.4,-0.29,4,eng Premier League,23,15.0,22,1,0,153,202,17,249,87,139,0,2,1,541,175,183,48.9,4,eng Premier League,2,15,15,1350,15.0,15,1.0,55,40,74.5,9,3,3,5,33.3,2,1,1,0,4,eng Premier League,2,15.0,15,1,0,4,1,16.3,0.28,2.3,0.15,67,196,34.2,475,65,32.6,31.7,219,19,8.7,20,1.33,12.5
5,Atalanta,it Serie A,23,27.1,56.7,14,154,1260,14.0,17,11,28,16,1,1,21,1,18.2,17.5,13.2,30.7,302,653,1.93,2.24,5,it Serie A,23,14.0,17,206,58,28.2,14.71,4.14,0.08,0.28,16.8,4,1,1,18.2,17.5,0.09,-1.2,-1.5,5,it Serie A,23,14.0,6437,7685,83.8,115676,38420,11,13.2,16.2,-2.2,156,495,141,29,653,5,it Serie A,23,14.0,7685,7059,603,152,10,38,275,251,79,39,32,0,6437,23,97,5,it Serie A,23,14.0,366,26.14,273,26,21,29,12,5,25,1.79,5,it Serie A,23,14.0,207,123,86,86,35,190,55.3,85,126,39,87,88,295,300,7,5,it Serie A,23,56.7,14.0,9189,923,2984,4079,2221,382,9188,261,119,45.6,112,42.9,5531,26857,13876,302,189,85,216,114,6401,646,5,it Serie A,23,27.1,14,1260,90,100,14.0,154,80,89,64,23,102,1.14,17,17,0,0.0,18.2,14.0,4.3,0.3,5,it Serie A,23,14.0,21,1,1,143,132,23,275,88,123,0,2,1,607,184,184,50.0,5,it Serie A,1,14,14,1260,14.0,17,1.21,59,42,72.9,3,7,4,3,21.4,2,1,1,0,5,it Serie A,1,14.0,17,1,0,2,1,15.6,0.25,-0.4,-0.03,72,184,39.1,439,67,30.5,31.8,168,8,4.8,18,1.29,15.1
6,Athletic Club,es La Liga,25,27.9,48.1,16,176,1440,16.0,14,7,21,11,3,3,30,4,21.1,18.7,14.4,33.1,252,664,1.13,2.22,6,es La Liga,25,16.0,14,204,60,29.4,12.75,3.75,0.05,0.18,17.2,1,3,3,21.1,18.7,0.09,-7.1,-7.7,6,es La Liga,25,16.0,5695,7308,77.9,103019,37640,7,14.4,14.2,-7.4,147,517,130,40,664,6,es La Liga,25,16.0,7308,6484,805,257,17,46,351,338,86,32,30,1,5695,19,138,6,es La Liga,25,16.0,348,21.75,255,32,16,20,15,10,25,1.56,6,es La Liga,25,16.0,242,153,82,115,45,267,49.1,136,172,36,136,135,377,392,14,6,es La Liga,25,48.1,16.0,9263,819,2622,4293,2435,368,9260,300,124,41.3,144,48.0,4630,23572,12775,252,204,54,324,147,5657,659,6,es La Liga,25,27.9,16,1440,90,100,16.0,176,79,97,78,23,106,1.44,15,20,-5,-0.31,21.1,16.2,4.8,0.3,6,es La Liga,25,16.0,30,4,0,213,190,19,351,135,153,3,0,1,703,226,238,48.7,6,es La Liga,1,16,16,1440,16.0,20,1.25,63,44,68.3,7,2,7,5,31.3,0,0,0,0,6,es La Liga,1,16.0,20,0,0,2,1,21.0,0.35,2.0,0.13,66,240,27.5,445,67,39.8,35.1,184,13,7.1,44,2.75,20.1
7,Atlético Madrid,es La Liga,23,28.1,54.2,16,176,1440,16.0,25,16,41,23,2,3,30,2,27.2,25.1,21.0,46.1,316,712,2.44,3.01,7,es La Liga,23,16.0,25,207,87,42.0,12.94,5.44,0.11,0.26,16.6,5,2,3,27.2,25.1,0.13,-2.2,-2.1,7,es La Liga,23,16.0,7412,8928,83.0,131166,45030,16,21.0,20.0,-5.0,161,586,179,44,712,7,es La Liga,23,16.0,8928,8116,777,176,31,56,342,319,114,35,51,0,7412,35,150,7,es La Liga,23,16.0,377,23.56,291,25,25,18,13,5,43,2.69,7,es La Liga,23,16.0,253,154,133,85,35,274,47.4,144,146,34,112,127,380,324,10,7,es La Liga,23,54.2,16.0,10608,998,3177,4739,2779,430,10605,292,122,41.8,139,47.6,6136,30463,16314,316,235,92,223,118,7367,710,7,es La Liga,23,28.1,16,1440,90,100,16.0,176,79,98,80,23,111,1.94,28,15,13,0.81,27.2,18.4,8.8,0.55,7,es La Liga,23,16.0,30,2,1,178,160,35,342,127,154,2,2,0,661,226,223,50.3,7,es La Liga,2,16,16,1440,16.0,15,0.94,45,30,68.9,9,4,3,6,37.5,2,1,0,1,7,es La Liga,2,16.0,15,1,0,1,0,13.8,0.3,-1.2,-0.08,87,194,44.8,405,65,27.9,31.5,208,16,7.7,15,0.94,12.8
8,Augsburg,de Bundesliga,23,26.1,45.0,13,143,1170,13.0,17,11,28,16,1,1,39,1,15.1,14.3,10.9,25.2,173,444,2.08,2.0,8,de Bundesliga,23,13.0,17,160,53,33.1,12.31,4.08,0.1,0.3,18.7,6,1,1,15.1,14.3,0.09,1.9,1.7,8,de Bundesliga,23,13.0,4445,5782,76.9,79947,30320,11,10.9,11.6,0.1,118,375,85,33,444,8,de Bundesliga,23,13.0,5782,5120,631,171,10,19,220,249,54,23,17,0,4445,31,123,8,de Bundesliga,23,13.0,273,21.0,200,22,15,19,10,7,27,2.08,8,de Bundesliga,23,13.0,202,125,94,79,29,197,54.3,90,178,52,126,130,332,400,10,8,de Bundesliga,23,45.0,13.0,7467,845,2469,3307,1766,247,7466,208,86,41.3,101,48.6,3597,17832,8797,173,127,46,253,110,4415,443,8,de Bundesliga,23,26.1,13,1170,90,100,13.0,143,81,83,59,22,57,1.0,17,27,-10,-0.77,15.1,24.3,-9.2,-0.71,8,de Bundesliga,23,13.0,39,1,1,170,142,31,220,130,125,1,3,1,562,202,228,47.0,8,de Bundesliga,1,13,13,1170,13.0,27,2.08,61,34,59.0,4,1,8,2,15.4,3,2,1,0,8,de Bundesliga,1,13.0,27,2,1,1,1,22.4,0.33,-3.6,-0.28,82,264,31.1,458,42,41.7,36.1,171,11,6.4,32,2.46,16.1
9,Auxerre,fr Ligue 1,25,25.3,44.1,15,165,1350,15.0,10,6,16,8,2,4,32,4,16.9,13.9,10.5,24.3,200,452,0.93,1.83,9,fr Ligue 1,25,15.0,10,159,51,32.1,10.6,3.4,0.05,0.16,18.5,3,2,4,16.9,13.9,0.09,-6.9,-5.9,9,fr Ligue 1,25,15.0,4921,6236,78.9,89336,32579,6,10.5,9.5,-4.5,119,420,77,24,452,9,fr Ligue 1,25,15.0,6236,5497,718,231,15,45,231,282,71,14,42,0,4921,21,105,9,fr Ligue 1,25,15.0,280,18.67,200,28,13,18,12,9,15,1.0,9,fr Ligue 1,25,15.0,265,159,129,102,34,207,54.6,94,148,35,113,152,417,311,9,9,fr Ligue 1,25,44.1,15.0,7877,793,2638,3497,1847,229,7873,253,107,42.3,125,49.4,4362,21736,10267,200,139,46,248,135,4892,448,9,fr Ligue 1,25,25.3,15,1350,90,100,15.0,165,83,99,62,17,71,0.8,11,21,-10,-0.67,16.9,21.6,-4.7,-0.31,9,fr Ligue 1,25,15.0,32,4,2,203,207,21,231,152,159,2,2,2,592,181,207,46.6,9,fr Ligue 1,2,15,15,1350,15.0,21,1.4,69,49,71.0,3,3,9,3,20.0,2,1,1,0,9,fr Ligue 1,2,15.0,21,1,1,4,2,20.9,0.3,1.9,0.13,85,276,30.8,394,57,53.6,41.0,184,7,3.8,19,1.27,15.4
10,Barcelona,es La Liga,25,25.3,66.1,16,176,1440,16.0,46,35,81,43,3,5,27,2,36.4,32.6,26.4,59.0,384,812,4.87,3.92,10,es La Liga,25,16.0,46,310,117,37.7,19.37,7.31,0.14,0.37,17.9,11,3,5,36.4,32.6,0.11,9.6,10.4,10,es La Liga,25,16.0,9436,10743,87.8,150439,47280,35,26.4,26.7,8.6,238,810,185,23,812,10,es La Liga,25,16.0,10743,9958,750,260,42,29,208,278,104,55,6,0,9436,35,149,10,es La Liga,25,16.0,580,36.25,451,31,36,36,17,9,84,5.25,10,es La Liga,25,16.0,269,153,105,115,49,220,55.9,97,157,35,122,104,373,288,6,10,es La Liga,25,66.1,16.0,12618,889,3084,5956,3685,544,12613,396,182,46.0,177,44.7,7429,39323,20058,384,284,148,223,139,9385,810,10,es La Liga,25,25.3,16,1440,90,100,16.0,176,81,98,76,22,99,2.5,47,20,27,1.69,36.4,21.3,15.1,0.94,10,es La Liga,25,16.0,27,2,2,153,188,35,208,104,153,3,4,0,638,181,122,59.7,10,es La Liga,2,16,16,1440,16.0,20,1.25,56,35,69.6,13,1,2,4,25.0,4,3,1,0,10,es La Liga,2,16.0,20,3,0,4,0,23.6,0.36,3.6,0.23,26,79,32.9,491,102,13.6,25.9,156,8,5.1,76,4.75,23.3
11,Bayern Munich,de Bundesliga,22,28.4,65.8,13,143,1170,13.0,48,38,86,43,5,5,31,0,35.0,31.4,25.6,57.0,306,755,6.23,4.66,11,de Bundesliga,22,13.0,48,244,98,40.2,18.77,7.54,0.18,0.44,17.0,5,5,5,35.0,31.4,0.13,13.0,11.6,11,de Bundesliga,22,13.0,8566,9675,88.5,136670,42449,38,25.6,28.0,12.4,196,763,171,20,755,11,de Bundesliga,22,13.0,9675,9076,569,142,58,68,198,261,74,47,1,1,8566,30,115,11,de Bundesliga,22,13.0,455,35.0,380,17,22,20,12,4,87,6.69,11,de Bundesliga,22,13.0,153,95,68,59,26,151,44.4,84,125,41,84,103,256,225,14,11,de Bundesliga,22,65.8,13.0,11097,721,2396,5273,3500,463,11092,258,105,40.7,131,50.8,7284,33471,17083,306,239,121,192,97,8518,752,11,de Bundesliga,22,28.4,13,1170,90,100,13.0,143,81,84,60,21,57,2.85,49,9,40,3.08,35.0,8.9,26.1,2.01,11,de Bundesliga,22,13.0,31,0,0,129,116,30,198,103,95,2,1,0,589,118,121,49.4,11,de Bundesliga,2,13,13,1170,13.0,9,0.69,23,14,60.9,12,1,0,7,53.8,1,0,0,1,11,de Bundesliga,2,13.0,9,0,1,3,0,6.8,0.3,-2.2,-0.17,56,135,41.5,457,57,26.3,30.2,126,5,4.0,38,2.92,20.3
12,Betis,es La Liga,26,28.0,50.4,15,165,1350,15.0,24,19,43,23,1,1,33,1,22.2,21.4,17.9,39.4,282,616,2.8,2.68,12,es La Liga,26,15.0,24,222,69,31.1,14.8,4.6,0.1,0.33,17.8,6,1,1,22.2,21.4,0.1,1.8,1.6,12,es La Liga,26,15.0,6400,7748,82.6,105747,37691,19,17.9,14.7,1.1,176,456,128,29,616,12,es La Liga,26,15.0,7748,6998,725,249,23,57,251,259,74,32,25,0,6400,25,143,12,es La Liga,26,15.0,396,26.4,309,25,27,16,11,8,42,2.8,12,es La Liga,26,15.0,264,151,122,98,44,270,45.9,146,140,37,103,133,397,458,8,12,es La Liga,26,50.4,15.0,9587,893,2967,4227,2478,365,9586,247,106,42.9,103,41.7,5521,27527,14021,282,206,80,234,138,6357,610,12,es La Liga,26,28.0,15,1350,90,100,15.0,165,82,101,64,20,102,1.6,25,19,6,0.4,22.2,16.9,5.3,0.36,12,es La Liga,26,15.0,33,1,0,155,199,25,251,133,151,1,2,1,668,194,188,50.8,12,es La Liga,2,15,15,1350,15.0,19,1.27,57,38,68.4,6,6,3,4,26.7,2,1,1,0,12,es La Liga,2,15.0,19,1,0,4,1,16.3,0.26,-1.7,-0.11,46,152,30.3,379,52,29.8,32.7,200,7,3.5,19,1.27,16.5
13,Bologna,it Serie A,27,27.2,56.7,14,154,1260,14.0,23,14,37,20,3,4,27,1,20.6,17.4,14.1,31.5,212,524,2.43,2.47,13,it Serie A,27,14.0,23,190,57,30.0,13.57,4.07,0.11,0.35,17.8,5,3,4,20.6,17.4,0.09,2.4,2.6,13,it Serie A,27,14.0,5419,6746,80.3,107911,35565,14,14.1,11.4,-0.1,143,493,109,37,524,13,it Serie A,27,14.0,6746,6027,687,230,11,64,265,282,78,16,41,0,5419,32,103,13,it Serie A,27,14.0,338,24.14,253,31,13,24,10,7,39,2.79,13,it Serie A,27,14.0,203,123,87,89,27,173,56.6,75,110,31,79,91,294,312,12,13,it Serie A,27,56.7,14.0,8214,770,2575,3856,1855,294,8210,228,97,42.5,91,39.9,4606,23072,10932,212,133,62,203,120,5344,519,13,it Serie A,27,27.2,14,1260,90,100,14.0,154,79,84,70,24,121,1.79,23,12,11,0.79,20.6,15.3,5.3,0.38,13,it Serie A,27,14.0,27,1,1,212,209,32,265,91,123,1,2,0,521,201,205,49.5,13,it Serie A,3,14,14,1260,14.0,12,0.86,47,35,78.7,7,4,3,6,42.9,2,2,0,0,13,it Serie A,3,14.0,12,2,0,1,0,13.8,0.27,1.8,0.13,55,172,32.0,567,66,25.2,30.9,160,9,5.6,17,1.21,11.9
14,Bournemouth,eng Premier League,24,25.7,52.3,15,165,1350,15.0,21,12,33,19,2,3,38,1,20.8,18.4,12.0,30.5,285,588,2.07,2.19,14,eng Premier League,24,15.0,21,193,69,35.8,12.87,4.6,0.1,0.28,18.6,10,2,3,20.8,18.4,0.1,0.2,0.6,14,eng Premier League,24,15.0,5669,7233,78.4,99263,34166,12,12.0,12.0,0.0,131,529,127,36,588,14,eng Premier League,24,15.0,7233,6502,696,166,26,25,312,301,81,64,3,0,5669,35,144,14,eng Premier League,24,15.0,344,22.93,259,16,20,21,16,12,35,2.33,14,eng Premier League,24,15.0,262,149,117,101,44,249,54.2,114,172,41,131,133,395,465,6,14,eng Premier League,24,52.3,15.0,9126,932,2868,3951,2409,375,9122,288,116,40.3,136,47.2,5085,28054,15470,285,226,74,244,128,5616,581,14,eng Premier League,24,25.7,15,1350,90,100,15.0,165,81,94,72,20,63,1.33,21,24,-3,-0.2,20.8,19.4,1.4,0.09,14,eng Premier League,24,15.0,38,1,0,195,153,35,312,133,149,1,2,0,666,223,267,45.5,14,eng Premier League,1,15,15,1350,15.0,24,1.6,68,44,67.6,5,5,5,5,33.3,2,2,0,0,14,eng Premier League,1,15.0,24,2,1,5,0,20.4,0.28,-3.6,-0.24,53,173,30.6,355,75,32.7,32.2,188,17,9.0,24,1.6,13.8
15,Brentford,eng Premier League,21,25.6,43.4,15,165,1350,15.0,21,9,30,16,5,7,30,0,21.8,16.3,12.5,28.8,179,388,1.67,2.28,15,eng Premier League,21,15.0,21,144,51,35.4,9.6,3.4,0.11,0.31,15.0,1,5,7,21.8,16.3,0.12,-0.8,-0.3,15,eng Premier League,21,15.0,4434,5923,74.9,81975,31819,9,12.5,10.5,-3.5,104,327,90,26,388,15,eng Premier League,21,15.0,5923,5253,647,141,15,17,254,278,82,50,20,3,4434,23,82,15,eng Premier League,21,15.0,253,16.87,172,36,11,14,15,5,34,2.27,15,eng Premier League,21,15.0,248,146,105,105,38,206,55.3,92,178,57,121,125,373,463,8,15,eng Premier League,21,43.4,15.0,7767,1061,2958,3255,1642,324,7760,268,100,37.3,141,52.6,3630,19106,9435,179,119,56,233,129,4379,382,15,eng Premier League,21,25.6,15,1350,90,100,15.0,165,84,98,67,16,68,1.27,21,24,-3,-0.2,21.8,19.4,2.4,0.16,15,eng Premier League,21,15.0,30,0,0,160,128,23,254,125,146,6,3,2,628,282,254,52.6,15,eng Premier League,1,15,15,1350,15.0,24,1.6,60,37,63.3,6,1,8,2,13.3,3,2,1,0,15,eng Premier League,1,15.0,24,2,0,1,2,19.2,0.29,-2.8,-0.18,85,229,37.1,448,75,36.8,33.2,211,12,5.7,21,1.4,15.0
16,Brest,fr Ligue 1,26,27.2,44.4,15,165,1350,15.0,19,12,31,14,5,7,25,3,23.4,17.8,13.9,31.7,167,429,1.73,2.48,16,fr Ligue 1,26,15.0,19,174,51,29.3,11.6,3.4,0.08,0.27,18.4,3,5,7,23.4,17.8,0.1,-4.4,-3.8,16,fr Ligue 1,26,15.0,4938,6374,77.5,99043,35461,12,13.9,12.6,-1.9,120,375,93,35,429,16,fr Ligue 1,26,15.0,6374,5684,674,184,24,61,241,276,63,27,29,0,4938,16,107,16,fr Ligue 1,26,15.0,308,20.53,207,28,15,26,21,11,32,2.13,16,fr Ligue 1,26,15.0,273,173,115,105,53,270,51.5,131,153,45,108,128,401,343,7,16,fr Ligue 1,26,44.4,15.0,8023,952,2882,3513,1702,265,8016,199,86,43.2,105,52.8,4501,21412,10589,167,132,45,258,98,4886,423,16,fr Ligue 1,26,27.2,15,1350,90,100,15.0,165,83,106,56,19,75,1.27,20,24,-4,-0.27,23.4,21.5,1.9,0.13,16,fr Ligue 1,26,15.0,25,3,0,193,153,16,241,128,173,4,2,1,605,239,208,53.5,16,fr Ligue 1,2,15,15,1346,15.0,24,1.6,67,44,67.2,5,4,6,4,26.7,2,2,0,0,16,fr Ligue 1,2,15.0,24,2,1,3,1,20.7,0.3,-2.3,-0.15,105,260,40.4,424,67,43.9,36.0,235,15,6.4,11,0.74,10.1
17,Brighton,eng Premier League,25,25.9,51.5,15,165,1350,15.0,24,15,39,22,2,3,37,0,23.5,21.2,15.9,37.1,298,547,2.47,2.63,17,eng Premier League,25,15.0,24,199,67,33.7,13.27,4.47,0.11,0.33,18.3,8,2,3,23.5,21.2,0.11,0.5,0.8,17,eng Premier League,25,15.0,6045,7404,81.6,105063,35697,15,15.9,12.4,-0.9,142,471,105,35,547,17,eng Premier League,25,15.0,7404,6728,647,160,17,45,251,249,80,60,4,1,6045,29,119,17,eng Premier League,25,15.0,342,22.8,239,26,26,29,14,8,38,2.53,17,eng Premier League,25,15.0,294,181,119,116,59,301,48.8,154,152,37,115,117,411,362,9,17,eng Premier League,25,51.5,15.0,9206,1057,3145,3992,2168,375,9203,280,127,45.4,127,45.4,5487,29183,16043,298,179,85,250,159,5972,542,17,eng Premier League,25,25.9,15,1350,90,100,15.0,165,81,95,70,21,65,1.53,25,21,4,0.27,23.5,19.3,4.1,0.28,17,eng Premier League,25,15.0,37,0,0,178,151,29,251,117,181,1,3,2,646,194,207,48.4,17,eng Premier League,1,15,15,1350,15.0,21,1.4,59,39,67.8,6,5,4,3,20.0,3,2,1,0,17,eng Premier League,1,15.0,21,2,0,2,2,21.8,0.34,2.8,0.19,36,159,22.6,510,60,25.9,28.7,196,8,4.1,17,1.13,14.9
18,Burnley,eng Premier League,23,27.7,40.6,15,165,1350,15.0,16,11,27,14,2,2,24,2,12.0,10.5,8.2,18.7,140,358,1.67,1.35,18,eng Premier League,23,15.0,16,122,43,35.2,8.13,2.87,0.11,0.33,18.1,8,2,2,12.0,10.5,0.09,4.0,3.5,18,eng Premier League,23,15.0,4518,6003,75.3,78496,28908,11,8.2,8.3,2.8,89,333,81,26,358,18,eng Premier League,23,15.0,6003,5313,668,155,20,55,185,253,49,39,2,1,4518,22,139,18,eng Premier League,23,15.0,216,14.4,157,19,5,14,16,5,27,1.8,18,eng Premier League,23,15.0,255,143,122,104,29,217,52.1,104,186,64,122,151,406,505,11,18,eng Premier League,23,40.6,15.0,7812,1119,2892,3372,1608,236,7810,163,53,32.5,87,53.4,3959,16953,8604,140,109,37,197,120,4491,353,18,eng Premier League,23,27.7,15,1350,90,100,15.0,165,83,95,68,17,67,0.67,16,30,-14,-0.93,12.0,30.5,-18.5,-1.23,18,eng Premier League,23,15.0,24,2,1,149,134,22,185,151,143,1,5,3,513,233,284,45.1,18,eng Premier League,1,15,15,1350,15.0,30,2.0,83,56,69.9,3,1,11,2,13.3,5,5,0,0,18,eng Premier League,1,15.0,30,5,0,5,3,29.4,0.3,2.4,0.16,100,340,29.4,403,67,47.4,36.0,291,10,3.4,5,0.33,9.1
19,Cagliari,it Serie A,25,25.5,44.5,14,154,1260,14.0,14,11,25,13,1,1,36,0,12.8,12.0,10.2,22.2,181,361,1.71,1.64,19,it Serie A,25,14.0,14,135,48,35.6,9.64,3.43,0.1,0.27,17.6,8,1,1,12.8,12.0,0.09,1.2,1.0,19,it Serie A,25,14.0,4430,5672,78.1,79094,29886,11,10.2,7.3,0.8,104,275,67,29,361,19,it Serie A,25,14.0,5672,4952,696,232,8,30,189,254,48,12,29,0,4430,24,101,19,it Serie A,25,14.0,238,17.0,166,26,14,13,14,5,25,1.79,19,it Serie A,25,14.0,222,124,116,85,21,220,53.2,103,119,43,76,118,340,363,14,19,it Serie A,25,44.5,14.0,7168,914,2850,3127,1255,191,7167,191,76,39.8,91,47.6,3812,17677,9190,181,114,49,200,107,4384,357,19,it Serie A,25,25.5,14,1260,90,100,14.0,154,80,84,70,22,117,1.0,14,19,-5,-0.36,12.8,19.6,-6.8,-0.48,19,it Serie A,25,14.0,36,0,0,229,212,24,189,118,124,1,0,0,456,164,182,47.4,19,it Serie A,1,14,14,1260,14.0,19,1.36,67,48,71.6,3,5,6,3,21.4,0,0,0,0,19,it Serie A,1,14.0,19,0,2,3,0,20.8,0.31,1.8,0.13,68,200,34.0,338,66,47.9,36.5,195,26,13.3,17,1.21,13.8
20,Celta Vigo,es La Liga,25,26.6,51.0,15,165,1350,15.0,18,13,31,16,2,2,29,1,18.1,16.6,13.8,30.4,262,640,1.93,2.13,20,es La Liga,25,15.0,18,162,56,34.6,10.8,3.73,0.1,0.29,18.7,3,2,2,18.1,16.6,0.1,-0.1,-0.6,20,es La Liga,25,15.0,6932,8220,84.3,121846,39505,13,13.8,14.2,-0.8,132,557,117,17,640,20,es La Liga,25,15.0,8220,7491,701,202,44,50,199,282,65,18,30,0,6932,28,139,20,es La Liga,25,15.0,296,19.73,241,21,9,10,8,7,33,2.2,20,es La Liga,25,15.0,247,143,114,94,39,226,56.2,99,131,43,88,121,368,393,16,20,es La Liga,25,51.0,15.0,9811,1037,3096,4549,2234,281,9809,241,91,37.8,126,52.3,5548,26300,14304,262,181,75,195,96,6898,638,20,es La Liga,25,26.6,15,1350,90,100,15.0,165,79,89,75,23,105,1.27,18,19,-1,-0.07,18.1,20.4,-2.3,-0.15,20,es La Liga,25,15.0,29,1,1,182,165,28,199,121,143,2,5,1,572,122,143,46.0,20,es La Liga,1,15,15,1350,15.0,19,1.27,70,51,75.7,4,7,4,2,13.3,5,2,1,2,20,es La Liga,1,15.0,19,2,0,5,1,18.0,0.23,0.0,0.0,42,141,29.8,304,76,30.3,31.4,202,9,4.5,11,0.73,12.2
21,Chelsea,eng Premier League,25,24.6,58.5,15,165,1350,15.0,25,19,44,24,1,1,30,4,24.7,23.9,19.9,43.9,313,613,2.87,2.98,21,eng Premier League,25,15.0,25,208,75,36.1,13.87,5.0,0.12,0.32,16.7,7,1,1,24.7,23.9,0.12,0.3,0.1,21,eng Premier League,25,15.0,7148,8489,84.2,122835,39054,19,19.9,17.8,-0.9,158,545,122,23,613,21,eng Premier League,25,15.0,8489,7772,691,209,42,26,262,259,85,57,3,0,7148,26,105,21,eng Premier League,25,15.0,360,24.0,276,21,18,27,10,8,47,3.13,21,eng Premier League,25,15.0,237,144,107,94,36,203,60.6,80,127,36,91,148,385,328,13,21,eng Premier League,25,58.5,15.0,10154,982,3092,4822,2339,371,10153,303,119,39.3,140,46.2,6288,29918,16025,313,177,93,241,133,7078,603,21,eng Premier League,25,24.6,15,1350,90,100,15.0,165,78,98,64,27,71,1.67,25,15,10,0.67,24.7,18.7,6.1,0.4,21,eng Premier League,25,15.0,30,4,1,173,184,26,262,148,144,0,0,0,592,228,183,55.5,21,eng Premier League,2,15,15,1348,15.0,15,1.0,45,30,66.7,7,4,4,7,46.7,0,0,0,0,21,eng Premier League,2,15.0,15,0,0,3,0,14.6,0.33,-0.4,-0.03,73,244,29.9,530,70,37.5,33.8,170,25,14.7,19,1.27,13.6
22,Como,it Serie A,23,25.8,60.3,14,154,1260,14.0,19,15,34,19,0,1,32,2,18.8,18.0,14.5,32.5,245,538,2.43,2.38,22,it Serie A,23,14.0,19,193,71,36.8,13.79,5.07,0.1,0.27,18.8,7,0,1,18.8,18.0,0.1,0.2,1.0,22,it Serie A,23,14.0,6596,7755,85.1,112707,37540,15,14.5,12.0,0.5,152,440,101,25,538,22,it Serie A,23,14.0,7755,7095,648,207,23,44,206,278,55,15,26,0,6596,12,123,22,it Serie A,23,14.0,351,25.07,261,25,21,21,16,7,35,2.5,22,it Serie A,23,14.0,240,139,100,105,35,202,48.5,104,148,44,104,100,340,310,8,22,it Serie A,23,60.3,14.0,9323,890,2879,4557,1953,303,9322,249,107,43.0,125,50.2,5316,25981,13146,245,174,77,205,122,6500,530,22,it Serie A,23,25.8,14,1260,90,100,14.0,154,79,83,69,24,111,1.71,19,11,8,0.57,18.8,14.5,4.3,0.31,22,it Serie A,23,14.0,32,2,0,213,177,12,206,100,139,1,1,0,514,188,157,54.5,22,it Serie A,1,14,14,1260,14.0,11,0.79,51,40,80.4,6,6,2,6,42.9,1,1,0,0,22,it Serie A,1,14.0,11,1,0,2,0,14.2,0.26,3.2,0.23,68,145,46.9,473,64,26.6,29.4,136,15,11.0,36,2.57,17.2
23,Cremonese,it Serie A,27,28.4,45.9,14,154,1260,14.0,18,14,32,16,2,2,29,0,14.3,12.7,11.2,23.9,148,376,2.14,1.82,23,it Serie A,27,14.0,18,117,44,37.6,8.36,3.14,0.14,0.36,17.4,3,2,2,14.3,12.7,0.12,3.7,3.3,23,it Serie A,27,14.0,4350,5776,75.3,79492,30350,14,11.2,8.0,2.8,85,294,63,20,376,23,it Serie A,27,14.0,5776,5043,708,203,11,34,216,279,48,26,20,0,4350,25,111,23,it Serie A,27,14.0,203,14.5,129,26,10,18,15,5,33,2.36,23,it Serie A,27,14.0,224,121,108,87,29,195,56.4,85,150,61,89,95,319,445,15,23,it Serie A,27,45.9,14.0,7399,1148,2963,3181,1337,183,7397,176,70,39.8,89,50.6,3824,18330,8526,148,121,29,225,110,4309,372,23,it Serie A,27,28.4,14,1260,90,100,14.0,154,81,90,64,21,102,1.43,18,17,1,0.07,14.3,21.7,-7.4,-0.53,23,it Serie A,27,14.0,29,0,0,170,170,25,216,95,121,2,2,0,499,202,237,46.0,23,it Serie A,2,14,14,1260,14.0,17,1.21,71,54,78.9,5,5,4,4,28.6,2,2,0,0,23,it Serie A,2,14.0,17,2,0,1,0,18.3,0.24,1.3,0.09,71,285,24.9,464,66,46.6,36.9,241,18,7.5,10,0.71,12.5
24,Crystal Palace,eng Premier League,22,26.8,42.5,15,165,1350,15.0,19,11,30,16,3,3,25,0,24.3,22.0,15.8,37.8,180,465,1.8,2.67,24,eng Premier League,22,15.0,19,170,59,34.7,11.33,3.93,0.09,0.27,16.1,2,3,3,24.3,22.0,0.13,-5.3,-6.0,24,eng Premier League,22,15.0,4553,6061,75.1,82837,31952,11,15.8,14.2,-4.8,114,343,99,25,465,24,eng Premier League,22,15.0,6061,5389,645,171,33,30,221,264,57,46,6,0,4553,27,114,24,eng Premier League,22,15.0,294,19.6,202,36,12,27,12,5,34,2.27,24,eng Premier League,22,15.0,292,184,155,107,30,237,54.9,107,160,40,120,144,436,523,10,24,eng Premier League,22,42.5,15.0,7911,1043,3009,3351,1636,340,7908,171,60,35.1,85,49.7,4003,19022,9946,180,133,42,215,123,4529,461,24,eng Premier League,22,26.8,15,1350,90,100,15.0,165,85,114,51,15,84,1.73,20,12,8,0.53,24.3,17.3,7.0,0.47,24,eng Premier League,22,15.0,25,0,0,153,153,27,221,144,184,3,1,0,580,276,285,49.2,24,eng Premier League,1,15,15,1350,15.0,12,0.8,48,36,77.1,7,5,3,7,46.7,1,1,0,0,24,eng Premier League,1,15.0,12,1,0,2,0,15.9,0.32,3.9,0.26,65,268,24.3,403,57,49.9,39.3,234,11,4.7,7,0.47,10.9
25,Dortmund,de Bundesliga,23,27.0,52.8,13,143,1170,13.0,23,19,42,22,1,2,21,1,20.6,19.0,15.9,34.9,235,646,3.15,2.81,25,de Bundesliga,23,13.0,23,157,56,35.7,12.08,4.31,0.14,0.39,16.5,2,1,2,20.6,19.0,0.13,2.4,3.0,25,de Bundesliga,23,13.0,5820,7058,82.5,102580,34460,19,15.9,24.3,3.1,122,509,138,32,646,25,de Bundesliga,23,13.0,7058,6452,589,156,16,32,242,248,72,46,12,0,5820,17,112,25,de Bundesliga,23,13.0,292,22.46,225,19,18,14,11,5,44,3.38,25,de Bundesliga,23,13.0,183,116,81,72,30,161,55.9,71,151,34,117,99,282,338,10,25,de Bundesliga,23,52.8,13.0,8574,791,2306,3950,2386,314,8572,224,91,40.6,117,52.2,4893,24116,13034,235,193,52,218,104,5785,642,25,de Bundesliga,23,27.0,13,1170,90,100,13.0,143,84,83,59,15,56,2.15,23,11,12,0.92,20.6,12.9,7.7,0.59,25,de Bundesliga,23,13.0,21,1,0,151,130,17,242,99,116,2,1,0,575,175,155,53.0,25,de Bundesliga,1,13,13,1170,13.0,11,0.85,40,29,75.0,8,4,1,7,53.8,1,1,0,0,25,de Bundesliga,1,13.0,11,1,0,2,0,13.2,0.32,2.2,0.17,46,146,31.5,349,46,37.2,32.6,177,6,3.4,10,0.77,14.2
26,Eint Frankfurt,de Bundesliga,23,25.6,55.0,13,143,1170,13.0,28,21,49,26,2,2,21,0,19.7,18.1,15.2,33.3,222,572,3.62,2.68,26,de Bundesliga,23,13.0,28,166,56,33.7,12.77,4.31,0.16,0.46,16.9,4,2,2,19.7,18.1,0.11,8.3,7.9,26,de Bundesliga,23,13.0,5907,7242,81.6,104371,36930,21,15.2,16.4,5.8,138,475,114,27,572,26,de Bundesliga,23,13.0,7242,6586,639,159,13,33,229,276,66,47,9,0,5907,17,132,26,de Bundesliga,23,13.0,310,23.85,244,28,9,8,17,4,50,3.85,26,de Bundesliga,23,13.0,227,135,106,87,34,193,62.2,73,133,27,106,114,341,341,10,26,de Bundesliga,23,55.0,13.0,8791,869,2796,4054,2007,320,8789,195,85,43.6,100,51.3,4994,22579,11592,222,145,62,214,118,5873,570,26,de Bundesliga,23,25.6,13,1170,90,100,13.0,143,81,79,64,21,53,1.62,28,29,-1,-0.08,19.7,18.0,1.6,0.13,26,de Bundesliga,23,13.0,21,0,0,131,119,17,229,114,135,2,2,0,516,187,215,46.5,26,de Bundesliga,2,13,13,1170,13.0,29,2.23,58,29,53.4,6,3,4,2,15.4,2,2,0,0,26,de Bundesliga,2,13.0,29,2,3,2,0,21.6,0.35,-7.4,-0.57,58,172,33.7,448,78,32.4,31.7,140,10,7.1,17,1.31,15.0
27,Elche,es La Liga,27,27.1,58.6,15,165,1350,15.0,18,13,31,18,0,1,27,2,17.1,16.3,12.6,28.9,259,570,2.07,1.98,27,es La Liga,27,15.0,18,166,61,36.7,11.07,4.07,0.11,0.3,16.7,3,0,1,17.1,16.3,0.1,0.9,1.7,27,es La Liga,27,15.0,7304,8566,85.3,118578,41877,13,12.6,12.7,0.4,134,541,111,38,570,27,es La Liga,27,15.0,8566,7854,686,257,10,49,232,243,47,6,7,0,7304,26,100,27,es La Liga,27,15.0,291,19.4,226,18,19,18,7,3,29,1.93,27,es La Liga,27,15.0,248,147,136,86,26,214,58.9,88,134,51,83,125,373,342,12,27,es La Liga,27,58.6,15.0,10190,944,3318,4576,2388,286,10189,258,123,47.7,115,44.6,5728,28802,14672,259,195,62,246,143,7210,565,27,es La Liga,27,27.1,15,1350,90,100,15.0,165,81,89,75,19,101,1.27,18,17,1,0.07,17.1,20.5,-3.3,-0.22,27,es La Liga,27,15.0,27,2,1,195,223,26,232,125,147,0,2,0,635,144,183,44.0,27,es La Liga,2,15,15,1350,15.0,17,1.13,61,44,75.4,4,7,4,4,26.7,2,2,0,0,27,es La Liga,2,15.0,17,2,0,1,0,19.5,0.3,2.5,0.17,87,262,33.2,811,58,29.2,28.1,204,15,7.4,40,2.67,16.0
28,Espanyol,es La Liga,22,27.8,41.5,15,165,1350,15.0,19,14,33,16,3,4,30,2,23.4,20.2,16.7,36.9,251,499,2.0,2.67,28,es La Liga,22,15.0,19,194,61,31.4,12.93,4.07,0.08,0.26,17.7,6,3,4,23.4,20.2,0.11,-4.4,-4.2,28,es La Liga,22,15.0,4627,5997,77.2,82814,33153,14,16.7,17.1,-2.7,151,379,108,44,499,28,es La Liga,22,15.0,5997,5294,684,182,15,31,345,307,65,25,32,2,4627,19,104,28,es La Liga,22,15.0,347,23.13,246,42,12,23,23,1,35,2.33,28,es La Liga,22,15.0,234,147,111,84,39,248,47.2,131,163,62,101,125,359,358,5,28,es La Liga,22,41.5,15.0,7691,876,2470,3376,1931,293,7687,208,92,44.2,96,46.2,4063,20844,10968,251,165,40,221,129,4594,495,28,es La Liga,22,27.8,15,1350,90,100,15.0,165,81,89,74,19,103,1.8,19,16,3,0.2,23.4,17.3,6.0,0.4,28,es La Liga,22,15.0,30,2,1,205,168,19,345,125,147,4,1,1,571,206,262,44.0,28,es La Liga,1,15,15,1350,15.0,16,1.07,63,48,76.2,8,3,4,6,40.0,1,1,0,0,28,es La Liga,1,15.0,16,1,1,1,1,15.3,0.25,0.3,0.02,73,230,31.7,344,61,52.9,39.9,205,15,7.3,15,1.0,13.9
29,Everton,eng Premier League,19,28.3,44.3,15,165,1350,15.0,17,14,31,16,1,1,33,1,18.5,17.7,14.3,32.0,220,502,2.0,2.18,29,eng Premier League,19,15.0,17,158,45,28.5,10.53,3.0,0.1,0.36,16.4,7,1,1,18.5,17.7,0.11,-1.5,-1.7,29,eng Premier League,19,15.0,4836,6335,76.3,89045,32245,14,14.3,13.6,-0.3,119,409,116,31,502,29,eng Premier League,19,15.0,6335,5609,706,195,30,40,271,305,66,53,3,1,4836,20,127,29,eng Premier League,19,15.0,284,18.93,208,26,16,14,17,3,29,1.93,29,eng Premier League,19,15.0,242,150,117,89,36,218,54.6,99,188,71,117,117,359,469,18,29,eng Premier League,19,44.3,15.0,8147,923,2649,3303,2275,360,8146,266,91,34.2,139,52.3,4435,21816,10512,220,183,67,252,132,4793,492,29,eng Premier League,19,28.3,15,1350,90,100,15.0,165,84,114,50,17,84,1.6,18,17,1,0.07,18.5,19.7,-1.2,-0.08,29,eng Premier League,19,15.0,33,1,0,162,175,20,271,117,150,1,2,0,599,317,271,53.9,29,eng Premier League,1,15,15,1350,15.0,17,1.13,59,41,72.9,7,3,5,6,40.0,2,1,1,0,29,eng Premier League,1,15.0,17,1,0,4,0,19.8,0.31,2.8,0.18,114,321,35.5,482,47,53.9,40.0,203,5,2.5,31,2.07,16.9
30,Fiorentina,it Serie A,25,27.5,50.6,14,154,1260,14.0,11,4,15,7,4,4,35,1,18.1,15.4,10.0,25.4,180,405,0.79,2.01,30,it Serie A,25,14.0,11,159,31,19.5,11.36,2.21,0.04,0.23,17.9,8,4,4,18.1,15.4,0.1,-7.1,-8.4,30,it Serie A,25,14.0,4828,6072,79.5,87995,31617,4,10.0,9.2,-6.0,104,340,83,36,405,30,it Serie A,25,14.0,6072,5385,657,241,13,21,247,217,61,33,20,0,4828,30,73,30,it Serie A,25,14.0,283,20.21,187,31,14,23,24,4,15,1.07,30,it Serie A,25,14.0,196,108,89,86,21,165,55.8,73,143,46,97,121,317,290,8,30,it Serie A,25,50.6,14.0,7503,854,2621,3453,1515,238,7499,212,81,38.2,104,49.1,4007,19943,9962,180,128,39,186,117,4761,403,30,it Serie A,25,27.5,14,1260,90,100,14.0,154,79,86,67,24,114,0.43,11,24,-13,-0.93,18.1,20.5,-2.4,-0.17,30,it Serie A,25,14.0,35,1,1,197,232,30,247,121,108,1,4,0,514,186,205,47.6,30,it Serie A,1,14,14,1260,14.0,24,1.71,71,46,70.4,0,6,8,2,14.3,4,3,1,0,30,it Serie A,1,14.0,24,3,0,5,0,21.7,0.27,-2.3,-0.16,69,205,33.7,365,49,47.1,35.9,187,3,1.6,13,0.93,14.3
31,Freiburg,de Bundesliga,23,27.4,51.2,13,143,1170,13.0,19,10,29,16,3,3,18,2,19.0,16.6,13.4,30.0,185,430,2.0,2.49,31,de Bundesliga,23,13.0,19,157,45,28.7,12.08,3.46,0.1,0.36,16.8,5,3,3,19.0,16.6,0.11,0.0,-0.6,31,de Bundesliga,23,13.0,4971,6276,79.2,90708,31974,10,13.4,14.8,-3.4,113,365,84,29,430,31,de Bundesliga,23,13.0,6276,5621,628,182,7,23,248,271,61,55,5,0,4971,27,101,31,de Bundesliga,23,13.0,282,21.69,197,34,9,19,18,5,30,2.31,31,de Bundesliga,23,13.0,185,105,91,79,15,144,61.8,55,132,47,85,113,298,311,13,31,de Bundesliga,23,51.2,13.0,7720,743,2440,3651,1687,294,7717,183,79,43.2,92,50.3,3911,22483,10898,185,139,37,190,90,4872,426,31,de Bundesliga,23,27.4,13,1170,90,100,13.0,143,81,81,61,20,56,1.23,20,22,-2,-0.15,19.0,17.1,1.9,0.15,31,de Bundesliga,23,13.0,18,2,1,115,164,27,248,113,105,1,1,0,462,231,244,48.6,31,de Bundesliga,1,13,13,1170,13.0,22,1.69,50,27,56.0,4,4,5,4,30.8,1,0,1,0,31,de Bundesliga,1,13.0,22,0,0,5,0,20.7,0.4,-1.3,-0.1,96,256,37.5,492,46,41.9,36.0,149,9,6.0,22,1.69,16.8
32,Fulham,eng Premier League,23,28.4,51.2,15,165,1350,15.0,17,11,28,17,0,0,26,0,14.9,14.9,11.2,26.1,282,557,1.87,1.74,32,eng Premier League,23,15.0,17,176,51,29.0,11.73,3.4,0.1,0.33,16.9,3,0,0,14.9,14.9,0.09,2.1,2.1,32,eng Premier League,23,15.0,6102,7524,81.1,107953,36136,11,11.2,11.9,-0.2,131,449,121,31,557,32,eng Premier League,23,15.0,7524,6758,735,189,17,57,282,314,78,53,17,1,6102,31,150,32,eng Premier League,23,15.0,305,20.33,237,23,15,21,7,2,25,1.67,32,eng Premier League,23,15.0,256,148,132,94,30,207,58.9,85,148,51,97,111,367,425,11,32,eng Premier League,23,51.2,15.0,9241,1143,3315,3968,2025,350,9241,234,95,40.6,113,48.3,5291,27933,14529,282,188,68,236,119,6056,549,32,eng Premier League,23,28.4,15,1350,90,100,15.0,165,81,94,72,20,63,1.13,20,24,-4,-0.27,14.9,19.4,-4.4,-0.3,32,eng Premier League,23,15.0,26,0,0,180,157,31,282,111,148,0,3,2,579,178,227,44.0,32,eng Premier League,1,15,15,1350,15.0,24,1.6,60,38,63.3,5,2,8,3,20.0,3,2,0,1,32,eng Premier League,1,15.0,24,2,0,5,2,18.7,0.3,-3.3,-0.22,42,170,24.7,470,72,26.8,29.6,194,11,5.7,10,0.67,11.8
33,Genoa,it Serie A,24,26.6,48.6,14,154,1260,14.0,15,10,25,14,1,3,34,1,19.4,17.0,13.1,30.1,174,410,1.71,2.32,33,it Serie A,24,14.0,15,170,52,30.6,12.14,3.71,0.08,0.27,17.5,7,1,3,19.4,17.0,0.11,-4.4,-3.0,33,it Serie A,24,14.0,4414,5802,76.1,80779,29615,10,13.1,10.4,-3.1,123,336,74,27,410,33,it Serie A,24,14.0,5802,5083,697,221,9,29,240,295,54,29,19,0,4414,22,104,33,it Serie A,24,14.0,308,22.0,198,37,12,32,25,4,26,1.86,33,it Serie A,24,14.0,242,157,112,107,23,186,62.9,69,139,45,94,104,346,389,4,33,it Serie A,24,48.6,14.0,7546,819,2576,3396,1643,230,7543,229,93,40.6,118,51.5,3835,20601,9284,174,115,32,252,126,4379,407,33,it Serie A,24,26.6,14,1260,90,100,14.0,154,82,91,62,21,138,1.0,15,21,-6,-0.43,19.4,15.9,3.5,0.25,33,it Serie A,24,14.0,34,1,1,205,197,22,240,104,157,2,2,1,531,241,274,46.8,33,it Serie A,1,14,14,1260,14.0,21,1.5,56,36,66.1,3,5,6,2,14.3,2,2,0,0,33,it Serie A,1,14.0,21,2,0,6,1,19.7,0.33,-0.3,-0.02,57,178,32.0,289,36,47.8,36.6,183,9,4.9,11,0.79,13.8
34,Getafe,es La Liga,24,28.9,40.7,15,165,1350,15.0,13,12,25,13,0,0,38,3,10.5,10.5,7.1,17.6,130,366,1.67,1.17,34,es La Liga,24,15.0,13,138,38,27.5,9.2,2.53,0.09,0.34,19.2,4,0,0,10.5,10.5,0.08,2.5,2.5,34,es La Liga,24,15.0,3434,5109,67.2,66405,27904,12,7.1,8.0,4.9,80,363,52,24,366,34,es La Liga,24,15.0,5109,4245,829,254,10,43,297,370,72,27,32,1,3434,35,123,34,es La Liga,24,15.0,233,15.53,134,38,13,23,18,7,23,1.53,34,es La Liga,24,15.0,277,173,131,114,32,278,52.9,131,173,35,138,118,395,431,7,34,es La Liga,24,40.7,15.0,6952,683,2124,3122,1778,219,6952,229,87,38.0,113,49.3,2743,13928,6224,130,101,26,262,127,3391,361,34,es La Liga,24,28.9,15,1350,90,100,15.0,165,82,106,57,21,88,1.33,13,17,-4,-0.27,10.5,14.1,-3.7,-0.25,34,es La Liga,24,15.0,38,3,1,227,212,35,297,118,173,0,1,2,583,235,306,43.4,34,es La Liga,1,15,15,1350,15.0,17,1.13,64,49,75.0,6,2,7,4,26.7,1,1,0,0,34,es La Liga,1,15.0,17,1,0,3,2,16.4,0.24,1.4,0.09,139,374,37.2,338,15,83.1,51.6,165,4,2.4,18,1.2,17.1
35,Girona,es La Liga,29,27.7,46.9,15,165,1350,15.0,13,8,21,10,3,3,34,5,16.1,13.9,11.5,25.4,278,519,1.2,1.84,35,es La Liga,29,15.0,13,137,53,38.7,9.13,3.53,0.07,0.19,18.2,4,3,3,16.1,13.9,0.1,-3.1,-3.9,35,es La Liga,29,15.0,5612,6847,82.0,96550,33271,8,11.5,10.5,-3.5,106,375,90,15,519,35,es La Liga,29,15.0,6847,6100,719,217,20,30,210,253,60,24,26,0,5612,28,124,35,es La Liga,29,15.0,247,16.47,176,21,18,13,15,4,23,1.53,35,es La Liga,29,15.0,202,124,114,68,20,191,45.5,104,140,56,84,123,325,411,17,35,es La Liga,29,46.9,15.0,8504,1209,3325,3442,1815,263,8501,295,130,44.1,146,49.5,5183,28369,14308,278,171,68,217,134,5551,510,35,es La Liga,29,27.7,15,1350,90,100,15.0,165,79,89,72,24,84,0.8,13,29,-16,-1.07,16.1,27.9,-11.8,-0.79,35,es La Liga,29,15.0,34,5,2,161,197,28,210,123,124,3,4,0,535,177,177,50.0,35,es La Liga,2,15,15,1348,15.0,29,1.94,84,55,70.2,2,6,7,2,13.3,4,4,0,0,35,es La Liga,2,15.0,29,4,1,4,0,29.3,0.31,0.3,0.02,55,209,26.3,430,69,35.8,32.7,246,9,3.7,17,1.14,14.8
36,Gladbach,de Bundesliga,24,26.5,45.5,13,143,1170,13.0,16,13,29,14,2,4,19,1,18.3,15.1,12.2,27.3,188,454,2.08,2.34,36,de Bundesliga,24,13.0,16,150,54,36.0,11.54,4.15,0.09,0.26,17.0,2,2,4,18.3,15.1,0.1,-2.3,-1.1,36,de Bundesliga,24,13.0,4980,6128,81.3,87375,33342,13,12.2,15.2,0.8,119,346,108,28,454,36,de Bundesliga,24,13.0,6128,5535,566,158,9,19,214,216,64,35,20,0,4980,27,102,36,de Bundesliga,24,13.0,270,20.77,197,29,7,17,11,9,25,1.92,36,de Bundesliga,24,13.0,245,135,123,99,23,197,58.9,81,139,52,87,105,350,463,2,36,de Bundesliga,24,45.5,13.0,7733,971,2705,3521,1588,281,7729,151,60,39.7,89,58.9,4017,21188,10690,188,162,41,209,97,4936,448,36,de Bundesliga,24,26.5,13,1170,90,100,13.0,143,82,81,61,17,56,1.23,17,19,-2,-0.15,18.3,18.7,-0.4,-0.03,36,de Bundesliga,24,13.0,19,1,0,144,130,27,214,105,135,3,2,0,508,200,181,52.5,36,de Bundesliga,1,13,13,1170,13.0,19,1.46,61,42,72.1,4,4,5,6,46.2,2,2,0,0,36,de Bundesliga,1,13.0,19,2,0,4,0,19.0,0.29,0.0,0.0,79,160,49.4,325,55,37.5,31.2,201,10,5.0,16,1.23,14.7
37,Hamburger SV,de Bundesliga,26,26.4,47.5,13,143,1170,13.0,14,11,25,14,0,1,31,5,16.0,15.2,12.2,27.3,215,432,1.92,2.16,37,de Bundesliga,26,13.0,14,171,58,33.9,13.15,4.46,0.08,0.24,16.4,4,0,1,16.0,15.2,0.09,-2.0,-1.2,37,de Bundesliga,26,13.0,4731,5903,80.1,88595,30794,11,12.2,12.5,-1.2,133,306,94,36,432,37,de Bundesliga,26,13.0,5903,5261,610,178,20,44,251,241,49,34,6,0,4731,32,107,37,de Bundesliga,26,13.0,312,24.0,224,25,21,23,14,5,24,1.85,37,de Bundesliga,26,13.0,195,100,109,72,14,173,56.1,76,142,50,92,97,292,400,10,37,de Bundesliga,26,47.5,13.0,7469,930,2914,3189,1441,265,7468,202,104,51.5,88,43.6,4265,22698,11646,215,138,50,199,98,4682,432,37,de Bundesliga,26,26.4,13,1170,90,100,13.0,143,82,75,65,16,52,1.15,14,20,-6,-0.46,16.0,19.2,-3.2,-0.25,37,de Bundesliga,26,13.0,31,5,4,169,161,32,251,97,100,1,2,0,503,188,159,54.2,37,de Bundesliga,1,13,13,1170,13.0,20,1.54,63,42,69.8,4,3,6,3,23.1,2,1,1,0,37,de Bundesliga,1,13.0,20,1,1,3,0,18.9,0.28,-1.1,-0.08,65,194,33.5,571,34,29.1,29.3,180,9,5.0,14,1.08,14.2
38,Heidenheim,de Bundesliga,25,27.2,41.5,13,143,1170,13.0,12,10,22,12,0,0,21,1,15.2,15.2,12.7,27.9,151,381,1.69,2.15,38,de Bundesliga,25,13.0,12,140,43,30.7,10.77,3.31,0.09,0.28,17.3,7,0,0,15.2,15.2,0.11,-3.2,-3.2,38,de Bundesliga,25,13.0,3905,5176,75.4,80603,30909,10,12.7,11.9,-2.7,105,285,79,26,381,38,de Bundesliga,25,13.0,5176,4561,594,155,7,39,209,216,63,24,20,1,3905,21,106,38,de Bundesliga,25,13.0,249,19.15,173,31,10,16,16,3,21,1.62,38,de Bundesliga,25,13.0,185,111,111,54,20,210,48.6,108,156,52,104,131,316,420,9,38,de Bundesliga,25,41.5,13.0,6710,923,2687,2685,1410,207,6710,162,75,46.3,76,46.9,3272,17303,9432,151,105,29,195,84,3856,375,38,de Bundesliga,25,27.2,13,1170,90,100,13.0,143,78,77,65,25,52,0.85,12,28,-16,-1.23,15.2,23.3,-8.0,-0.62,38,de Bundesliga,25,13.0,21,1,0,138,146,21,209,131,111,0,2,0,533,187,220,45.9,38,de Bundesliga,1,13,13,1170,13.0,28,2.15,67,39,61.2,3,2,8,0,0.0,2,2,0,0,38,de Bundesliga,1,13.0,28,2,0,0,0,27.4,0.4,-0.6,-0.05,120,307,39.1,597,63,41.5,38.7,206,21,10.2,19,1.46,12.7
39,Hellas Verona,it Serie A,25,26.7,39.9,14,154,1260,14.0,11,7,18,10,1,1,37,0,16.0,15.2,11.1,26.4,169,394,1.21,1.94,39,it Serie A,25,14.0,11,169,66,39.1,12.07,4.71,0.06,0.15,18.2,5,1,1,16.0,15.2,0.1,-5.0,-5.2,39,it Serie A,25,14.0,3523,4991,70.6,63728,27241,7,11.1,10.2,-4.1,124,336,79,22,394,39,it Serie A,25,14.0,4991,4353,608,133,16,22,210,286,54,29,22,0,3523,30,98,39,it Serie A,25,14.0,276,19.71,189,24,18,26,11,8,14,1.0,39,it Serie A,25,14.0,267,152,124,118,25,220,57.3,94,181,58,123,145,412,367,4,39,it Serie A,25,39.9,14.0,6751,726,2154,3062,1605,260,6750,221,95,43.0,106,48.0,3130,16250,7828,169,122,45,232,100,3490,388,39,it Serie A,25,26.7,14,1260,90,100,14.0,154,81,88,67,20,125,0.64,11,21,-10,-0.71,16.0,17.1,-1.1,-0.08,39,it Serie A,25,14.0,37,0,0,244,112,30,210,145,152,0,2,1,552,237,298,44.3,39,it Serie A,1,14,14,1260,14.0,21,1.5,58,37,65.5,1,6,7,3,21.4,2,1,1,0,39,it Serie A,1,14.0,21,1,0,2,1,16.3,0.25,-3.7,-0.26,92,291,31.6,321,46,62.9,44.6,194,12,6.2,7,0.5,12.0
40,Hoffenheim,de Bundesliga,22,26.9,53.2,13,143,1170,13.0,23,18,41,21,2,2,26,0,20.9,19.3,16.2,35.5,191,522,3.0,2.85,40,de Bundesliga,22,13.0,23,174,57,32.8,13.38,4.38,0.12,0.37,16.2,5,2,2,20.9,19.3,0.11,2.1,1.7,40,de Bundesliga,22,13.0,5161,6613,78.0,90808,35457,18,16.2,14.5,1.8,141,403,123,35,522,40,de Bundesliga,22,13.0,6613,6000,589,134,18,23,243,274,71,38,16,1,5161,24,134,40,de Bundesliga,22,13.0,301,23.15,223,31,12,17,15,3,39,3.0,40,de Bundesliga,22,13.0,205,134,96,80,29,200,50.0,100,174,49,125,105,310,434,4,40,de Bundesliga,22,53.2,13.0,8310,878,2785,3696,1910,322,8308,165,75,45.5,85,51.5,4030,18700,8894,191,124,37,213,97,5107,515,40,de Bundesliga,22,26.9,13,1170,90,100,13.0,143,82,80,63,18,53,1.77,25,19,6,0.46,20.9,20.0,0.9,0.07,40,de Bundesliga,22,13.0,26,0,0,190,120,24,243,105,134,2,2,0,604,254,231,52.4,40,de Bundesliga,1,13,13,1170,13.0,19,1.46,54,35,68.5,7,2,4,2,15.4,2,2,0,0,40,de Bundesliga,1,13.0,19,2,0,5,0,18.3,0.32,-0.7,-0.05,59,186,31.7,438,43,36.5,33.4,206,11,5.3,38,2.92,18.1
41,Inter,it Serie A,24,29.4,59.1,14,154,1260,14.0,30,26,56,28,2,3,20,0,26.1,23.7,21.2,45.0,258,702,3.86,3.38,41,it Serie A,24,14.0,30,241,71,29.5,17.21,5.07,0.12,0.39,16.3,6,2,3,26.1,23.7,0.1,3.9,4.3,41,it Serie A,24,14.0,6808,8070,84.4,123976,39218,26,21.2,18.6,4.8,195,524,180,45,702,41,it Serie A,24,14.0,8070,7408,636,174,12,60,346,255,102,34,60,0,6808,26,133,41,it Serie A,24,14.0,437,31.21,322,47,17,34,14,3,53,3.79,41,it Serie A,24,14.0,191,119,88,69,34,159,53.5,74,114,32,82,86,277,273,3,41,it Serie A,24,59.1,14.0,9447,740,2588,4235,2689,458,9444,145,64,44.1,65,44.8,5263,24451,13254,258,184,61,185,84,6763,698,41,it Serie A,24,29.4,14,1260,90,100,14.0,154,81,86,68,20,109,2.14,32,13,19,1.36,26.1,12.5,13.6,0.97,41,it Serie A,24,14.0,20,0,0,197,159,26,346,86,119,2,2,0,557,203,155,56.7,41,it Serie A,2,14,14,1260,14.0,13,0.93,45,32,75.6,10,0,4,7,50.0,2,2,0,0,41,it Serie A,2,14.0,13,2,0,1,0,11.9,0.25,-1.1,-0.08,47,115,40.9,433,53,19.9,27.6,144,4,2.8,15,1.07,19.0
42,Juventus,it Serie A,24,26.3,57.8,14,154,1260,14.0,18,12,30,16,2,2,21,1,19.0,17.4,12.7,30.1,334,615,2.0,2.27,42,it Serie A,24,14.0,18,221,72,32.6,15.79,5.14,0.07,0.22,17.6,6,2,2,19.0,17.4,0.08,-1.0,-1.4,42,it Serie A,24,14.0,6613,7814,84.6,117684,37192,12,12.7,14.0,-0.7,168,547,122,36,615,42,it Serie A,24,14.0,7814,7209,586,155,14,32,279,250,65,23,21,0,6613,19,118,42,it Serie A,24,14.0,407,29.07,304,31,25,22,19,6,34,2.43,42,it Serie A,24,14.0,206,119,73,101,32,143,55.2,64,105,37,68,100,306,283,15,42,it Serie A,24,57.8,14.0,9304,767,2642,4358,2400,383,9302,209,105,50.2,95,45.5,5457,29724,15812,334,250,91,212,107,6568,609,42,it Serie A,24,26.3,14,1260,90,100,14.0,154,82,87,66,19,88,1.64,18,14,4,0.29,19.0,12.8,6.2,0.44,42,it Serie A,24,14.0,21,1,0,186,154,19,279,100,119,2,2,0,572,174,177,49.6,42,it Serie A,2,14,14,1260,14.0,14,1.0,41,27,68.3,6,5,3,4,28.6,2,1,0,1,42,it Serie A,2,14.0,14,1,0,2,0,13.6,0.31,-0.4,-0.03,34,93,36.6,330,61,21.5,23.8,188,14,7.4,10,0.71,26.0
43,Köln,de Bundesliga,22,25.9,48.1,13,143,1170,13.0,22,15,37,21,1,1,23,0,20.0,19.2,14.7,34.0,183,420,2.77,2.67,43,de Bundesliga,22,13.0,22,169,55,32.5,13.0,4.23,0.12,0.38,16.9,7,1,1,20.0,19.2,0.12,2.0,1.8,43,de Bundesliga,22,13.0,4935,6160,80.1,93449,32967,15,14.7,13.8,0.3,121,343,92,36,420,43,de Bundesliga,22,13.0,6160,5513,622,163,14,21,218,257,52,27,19,0,4935,25,104,43,de Bundesliga,22,13.0,296,22.77,202,28,22,26,14,4,38,2.92,43,de Bundesliga,22,13.0,169,109,80,72,17,158,51.9,76,143,54,89,108,277,409,5,43,de Bundesliga,22,48.1,13.0,7642,936,2591,3518,1593,280,7641,145,63,43.4,75,51.7,4181,21098,9955,183,128,63,198,93,4884,416,43,de Bundesliga,22,25.9,13,1170,90,100,13.0,143,79,78,65,25,51,1.23,22,21,1,0.08,20.0,20.4,-0.4,-0.03,43,de Bundesliga,22,13.0,23,0,0,120,137,25,218,108,109,1,4,0,467,224,199,53.0,43,de Bundesliga,1,13,13,1170,13.0,21,1.62,61,39,70.5,4,4,5,2,15.4,4,3,1,0,43,de Bundesliga,1,13.0,21,3,2,6,0,21.3,0.31,0.3,0.03,125,307,40.7,519,34,41.6,36.1,223,4,1.8,11,0.85,14.7
44,Lazio,it Serie A,24,28.9,50.4,14,154,1260,14.0,16,11,27,15,1,1,23,3,15.2,14.4,11.5,25.9,189,447,1.86,1.91,44,it Serie A,24,14.0,16,155,60,38.7,11.07,4.29,0.1,0.25,18.2,4,1,1,15.2,14.4,0.09,0.8,0.6,44,it Serie A,24,14.0,6005,7161,83.9,102903,35379,11,11.5,9.4,-0.5,111,440,65,15,447,44,it Serie A,24,14.0,7161,6474,678,254,16,38,181,241,52,29,19,0,6005,9,123,44,it Serie A,24,14.0,275,19.64,200,22,10,22,16,5,25,1.79,44,it Serie A,24,14.0,191,102,88,80,23,164,51.8,79,128,38,90,129,320,281,13,44,it Serie A,24,50.4,14.0,8566,903,2891,4146,1607,241,8565,216,77,35.6,107,49.5,4907,23164,11191,189,140,66,172,111,5971,443,44,it Serie A,24,28.9,14,1260,90,100,14.0,154,79,84,68,24,84,1.36,16,11,5,0.36,15.2,18.6,-3.4,-0.24,44,it Serie A,24,14.0,23,3,0,154,230,9,181,129,102,1,0,0,531,169,159,51.5,44,it Serie A,1,14,14,1260,14.0,11,0.79,63,52,82.5,5,4,5,7,50.0,0,0,0,0,44,it Serie A,1,14.0,11,0,1,2,0,17.0,0.28,6.0,0.43,60,181,33.1,400,54,36.5,34.4,175,10,5.7,11,0.79,13.3
45,Le Havre,fr Ligue 1,23,27.9,46.0,15,165,1350,15.0,13,9,22,12,1,3,25,1,19.1,16.7,13.4,30.1,233,525,1.4,2.17,45,fr Ligue 1,23,15.0,13,174,52,29.9,11.6,3.47,0.07,0.23,18.5,7,1,3,19.1,16.7,0.1,-6.1,-4.7,45,fr Ligue 1,23,15.0,5157,6561,78.6,94778,33286,9,13.4,13.3,-4.4,122,356,100,44,525,45,fr Ligue 1,23,15.0,6561,5844,691,210,9,25,373,272,67,49,17,0,5157,26,111,45,fr Ligue 1,23,15.0,301,20.07,218,19,15,20,22,7,19,1.27,45,fr Ligue 1,23,15.0,240,127,109,98,33,238,54.2,109,149,45,104,139,379,386,9,45,fr Ligue 1,23,46.0,15.0,8198,974,2866,3607,1816,253,8195,185,80,43.2,95,51.4,4639,26127,12802,233,176,38,238,109,5117,516,45,fr Ligue 1,23,27.9,15,1350,90,100,15.0,165,82,95,69,18,64,1.0,13,21,-8,-0.53,19.1,20.4,-1.3,-0.09,45,fr Ligue 1,23,15.0,25,1,0,208,183,26,373,139,127,2,3,1,609,209,195,51.7,45,fr Ligue 1,1,15,15,1350,15.0,21,1.4,57,37,68.4,3,6,6,5,33.3,3,3,0,0,45,fr Ligue 1,1,15.0,21,3,0,2,1,17.9,0.27,-2.1,-0.14,73,195,37.4,466,76,32.2,31.7,224,25,11.2,17,1.13,13.5
46,Lecce,it Serie A,23,25.9,45.3,14,154,1260,14.0,10,7,17,10,0,1,25,0,10.6,9.8,6.8,16.6,177,430,1.21,1.24,46,it Serie A,23,14.0,10,132,37,28.0,9.43,2.64,0.08,0.27,19.0,9,0,1,10.6,9.8,0.07,-0.6,0.2,46,it Serie A,23,14.0,4049,5449,74.3,77179,27718,7,6.8,8.0,0.2,93,355,76,27,430,46,it Serie A,23,14.0,5449,4703,732,212,4,34,240,298,71,23,35,0,4049,14,99,46,it Serie A,23,14.0,231,16.5,155,27,16,12,13,8,17,1.21,46,it Serie A,23,14.0,257,136,127,98,32,228,55.7,101,145,43,102,81,338,378,14,46,it Serie A,23,45.3,14.0,7062,796,2168,3277,1688,202,7061,226,74,32.7,124,54.9,3462,17449,8507,177,116,38,215,119,4005,423,46,it Serie A,23,25.9,14,1260,90,100,14.0,154,81,88,66,22,122,0.93,10,19,-9,-0.64,10.6,18.6,-8.0,-0.57,46,it Serie A,23,14.0,25,0,0,179,184,14,240,81,136,0,4,0,498,246,220,52.8,46,it Serie A,1,14,14,1260,14.0,19,1.36,63,43,74.6,3,4,7,5,35.7,4,3,1,0,46,it Serie A,1,14.0,19,3,0,2,0,21.4,0.29,2.4,0.17,83,287,28.9,304,40,77.3,44.6,202,9,4.5,18,1.29,12.1
47,Leeds United,eng Premier League,23,27.0,46.1,15,165,1350,15.0,19,7,26,17,2,3,26,0,19.8,17.3,11.6,28.9,220,448,1.6,2.09,47,eng Premier League,23,15.0,19,181,52,28.7,12.07,3.47,0.09,0.33,16.2,4,2,3,19.8,17.3,0.1,-0.8,-0.3,47,eng Premier League,23,15.0,5328,6750,78.9,95220,33243,7,11.6,9.4,-4.6,122,402,86,36,448,47,eng Premier League,23,15.0,6750,6056,670,201,12,18,267,245,60,33,21,2,5328,24,138,47,eng Premier League,23,15.0,302,20.13,196,31,12,31,18,14,29,1.93,47,eng Premier League,23,15.0,278,172,124,114,40,254,54.3,116,161,45,116,135,413,397,6,47,eng Premier League,23,46.1,15.0,8524,958,2934,3918,1772,297,8521,260,89,34.2,135,51.9,4564,23611,12442,220,151,60,225,129,5284,441,47,eng Premier League,23,27.0,15,1350,90,100,15.0,165,83,97,70,18,65,1.0,19,29,-10,-0.67,19.8,21.6,-1.8,-0.12,47,eng Premier League,23,15.0,26,0,0,163,186,24,267,135,172,2,2,1,592,221,248,47.1,47,eng Premier League,2,15,15,1350,15.0,29,1.93,65,37,58.5,4,3,8,2,13.3,2,2,0,0,47,eng Premier League,2,15.0,29,2,2,3,1,24.3,0.37,-3.7,-0.25,84,318,26.4,476,71,53.4,37.7,223,10,4.5,7,0.47,11.4
48,Lens,fr Ligue 1,22,27.5,48.4,15,165,1350,15.0,25,18,43,22,3,4,30,3,28.9,25.7,20.2,46.0,218,588,2.67,3.27,48,fr Ligue 1,22,15.0,25,204,71,34.8,13.6,4.73,0.11,0.31,15.3,3,3,4,28.9,25.7,0.13,-3.9,-3.7,48,fr Ligue 1,22,15.0,6016,7363,81.7,105694,37657,18,20.2,18.9,-2.2,159,448,138,37,588,48,fr Ligue 1,22,15.0,7363,6673,657,190,15,38,311,248,94,20,60,1,6016,33,149,48,fr Ligue 1,22,15.0,368,24.53,254,42,24,29,12,7,42,2.8,48,fr Ligue 1,22,15.0,293,171,140,102,51,283,56.5,123,214,65,149,156,449,343,5,48,fr Ligue 1,22,48.4,15.0,9210,952,3040,4057,2207,406,9206,252,111,44.0,123,48.8,4542,21445,10943,218,146,65,224,134,5978,580,48,fr Ligue 1,22,27.5,15,1350,90,100,15.0,165,83,102,61,18,74,2.27,26,13,13,0.87,28.9,21.9,7.0,0.47,48,fr Ligue 1,22,15.0,30,3,1,193,170,33,311,156,171,3,5,0,702,184,186,49.7,48,fr Ligue 1,1,15,15,1350,15.0,13,0.87,55,40,80.0,11,1,3,4,26.7,5,2,2,1,48,fr Ligue 1,1,15.0,13,2,0,2,0,16.9,0.26,3.9,0.26,48,136,35.3,365,56,28.2,32.1,194,9,4.6,9,0.6,14.2
49,Levante,es La Liga,25,27.1,41.8,15,165,1350,15.0,16,8,24,15,1,2,32,1,19.1,17.8,12.1,29.9,153,392,1.53,2.08,49,es La Liga,25,15.0,16,153,49,32.0,10.2,3.27,0.1,0.31,17.6,5,1,2,19.1,17.8,0.12,-3.1,-2.8,49,es La Liga,25,15.0,4442,5826,76.2,81738,32762,8,12.1,12.3,-4.1,105,353,92,37,392,49,es La Liga,25,15.0,5826,5103,693,190,27,33,198,268,47,21,11,0,4442,30,120,49,es La Liga,25,15.0,258,17.2,186,24,15,22,9,2,24,1.6,49,es La Liga,25,15.0,252,141,117,100,35,252,57.5,107,183,70,113,120,372,464,8,49,es La Liga,25,41.8,15.0,7649,1039,2812,3263,1645,258,7647,225,95,42.2,112,49.8,4070,19000,8769,153,114,40,237,145,4415,387,49,es La Liga,25,27.1,15,1350,90,100,15.0,165,81,89,75,19,96,0.6,16,28,-12,-0.8,19.1,25.7,-6.6,-0.44,49,es La Liga,25,15.0,32,1,0,184,172,30,198,120,141,0,1,2,567,200,205,49.4,49,es La Liga,2,15,15,1350,15.0,28,1.87,81,55,66.7,2,3,10,2,13.3,1,1,0,0,49,es La Liga,2,15.0,28,1,0,6,2,26.8,0.33,0.8,0.05,85,226,37.6,372,76,39.5,35.2,260,16,6.2,15,1.0,13.0
50,Leverkusen,de Bundesliga,25,26.7,59.3,13,143,1170,13.0,28,18,46,25,3,3,32,2,22.2,19.9,13.8,33.7,246,504,3.31,2.77,50,de Bundesliga,25,13.0,28,182,56,30.8,14.0,4.31,0.14,0.45,18.4,10,3,3,22.2,19.9,0.11,5.8,5.1,50,de Bundesliga,25,13.0,7505,8573,87.5,122938,38152,18,13.8,18.1,4.2,138,556,82,17,504,50,de Bundesliga,25,13.0,8573,8010,549,154,23,62,192,204,63,32,12,0,7505,14,104,50,de Bundesliga,25,13.0,331,25.46,238,24,23,18,22,6,50,3.85,50,de Bundesliga,25,13.0,177,110,89,58,30,130,57.7,55,123,31,92,86,263,280,12,50,de Bundesliga,25,59.3,13.0,9949,906,2892,4848,2278,288,9946,222,95,42.8,108,48.6,6084,30237,15878,246,203,61,183,100,7447,502,50,de Bundesliga,25,26.7,13,1170,90,100,13.0,143,80,82,60,24,57,1.77,28,19,9,0.69,22.2,15.9,6.4,0.49,50,de Bundesliga,25,13.0,32,2,2,112,148,14,192,86,110,3,2,1,519,169,132,56.1,50,de Bundesliga,1,13,13,1170,13.0,19,1.46,58,40,70.7,7,2,4,3,23.1,2,2,0,0,50,de Bundesliga,1,13.0,19,2,0,5,1,17.3,0.27,-0.7,-0.05,43,134,32.1,390,54,23.1,29.4,165,4,2.4,16,1.23,15.1
51,Lille,fr Ligue 1,28,27.3,56.0,15,165,1350,15.0,29,21,50,26,3,4,34,2,28.3,25.3,20.5,45.7,322,739,3.13,3.25,51,fr Ligue 1,28,15.0,29,222,71,32.0,14.8,4.73,0.12,0.37,17.0,2,3,4,28.3,25.3,0.12,0.7,0.7,51,fr Ligue 1,28,15.0,6615,8019,82.5,118495,39722,21,20.5,20.5,0.5,178,550,159,27,739,51,fr Ligue 1,28,15.0,8019,7313,685,207,36,40,301,259,96,40,38,0,6615,21,163,51,fr Ligue 1,28,15.0,410,27.33,308,36,19,29,14,4,48,3.2,51,fr Ligue 1,28,15.0,221,135,96,89,36,221,57.5,94,149,33,116,130,351,306,14,51,fr Ligue 1,28,56.0,15.0,9627,783,2706,4320,2674,466,9623,235,109,46.4,113,48.1,5775,29073,15693,322,224,92,211,103,6547,727,51,fr Ligue 1,28,27.3,15,1350,90,100,15.0,165,82,94,70,19,65,1.93,29,17,12,0.8,28.3,18.7,9.6,0.64,51,fr Ligue 1,28,15.0,34,2,0,196,183,21,301,130,135,2,2,0,683,189,166,53.2,51,fr Ligue 1,2,15,15,1350,15.0,17,1.13,50,32,68.0,9,2,4,5,33.3,2,1,1,0,51,fr Ligue 1,2,15.0,17,1,1,1,0,23.1,0.43,6.1,0.4,65,159,40.9,469,44,27.7,29.2,178,8,4.5,19,1.27,14.6
52,Liverpool,eng Premier League,22,27.1,61.1,15,165,1350,15.0,23,15,38,22,1,1,29,0,24.1,23.4,18.6,42.0,347,786,2.47,2.85,52,eng Premier League,22,15.0,23,231,64,27.7,15.4,4.27,0.1,0.34,17.1,6,1,1,24.1,23.4,0.1,-1.1,-1.4,52,eng Premier League,22,15.0,7239,8703,83.2,123521,41210,15,18.6,14.8,-3.6,180,679,162,36,786,52,eng Premier League,22,15.0,8703,7977,697,174,38,29,324,306,78,41,29,0,7239,29,120,52,eng Premier League,22,15.0,415,27.67,320,28,23,26,12,6,39,2.6,52,eng Premier League,22,15.0,200,130,92,76,32,191,52.4,91,156,44,112,94,294,442,13,52,eng Premier League,22,61.1,15.0,10462,947,2949,4699,2890,443,10461,262,107,40.8,129,49.2,6403,30910,17046,347,236,96,236,118,7177,783,52,eng Premier League,22,27.1,15,1350,90,100,15.0,165,82,101,64,20,71,1.53,24,24,0,0.0,24.1,17.7,6.4,0.42,52,eng Premier League,22,15.0,29,0,0,160,153,29,324,94,130,0,3,0,558,261,202,56.4,52,eng Premier League,2,15,15,1350,15.0,24,1.6,60,35,63.3,7,2,6,4,26.7,3,2,1,0,52,eng Premier League,2,15.0,24,2,0,5,0,19.2,0.28,-4.8,-0.32,48,143,33.6,475,76,25.5,28.7,187,8,4.3,22,1.47,14.6
53,Lorient,fr Ligue 1,23,25.6,43.9,15,165,1350,15.0,18,12,30,17,1,4,32,1,20.9,17.7,14.2,31.8,297,504,1.93,2.34,53,fr Ligue 1,23,15.0,18,178,57,32.0,11.87,3.8,0.1,0.3,17.4,6,1,4,20.9,17.7,0.1,-2.9,-0.7,53,fr Ligue 1,23,15.0,5497,6709,81.9,96961,33997,12,14.2,12.6,-2.2,125,434,97,29,504,53,fr Ligue 1,23,15.0,6709,6033,651,233,20,31,252,232,47,17,14,0,5497,25,125,53,fr Ligue 1,23,15.0,319,21.27,216,26,17,31,25,4,32,2.13,53,fr Ligue 1,23,15.0,208,136,110,78,20,197,52.3,94,114,35,79,140,348,363,6,53,fr Ligue 1,23,43.9,15.0,8268,890,2909,3532,1913,303,8264,244,107,43.9,114,46.7,4998,26330,13791,297,176,59,211,109,5459,501,53,fr Ligue 1,23,25.6,15,1350,90,100,15.0,165,80,93,71,22,62,1.13,19,28,-9,-0.6,20.9,21.0,-0.2,-0.01,53,fr Ligue 1,23,15.0,32,1,0,162,213,25,252,140,136,4,6,2,558,172,200,46.2,53,fr Ligue 1,2,15,15,1350,15.0,28,1.87,58,32,58.6,4,5,6,2,13.3,6,4,0,2,53,fr Ligue 1,2,15.0,28,4,0,5,2,21.8,0.32,-4.2,-0.28,55,150,36.7,408,44,29.7,31.2,217,17,7.8,11,0.73,11.6
54,Lyon,fr Ligue 1,25,26.9,55.4,15,165,1350,15.0,20,15,35,20,0,2,30,5,23.0,21.5,16.4,38.0,239,560,2.33,2.63,54,fr Ligue 1,25,15.0,20,182,65,35.7,12.13,4.33,0.11,0.31,16.4,4,0,2,23.0,21.5,0.13,-3.0,-1.5,54,fr Ligue 1,25,15.0,6395,7659,83.5,111482,36844,15,16.4,16.3,-1.4,127,459,108,31,560,54,fr Ligue 1,25,15.0,7659,6932,705,229,31,56,322,251,98,65,23,0,6395,22,115,54,fr Ligue 1,25,15.0,313,20.87,218,27,20,31,12,5,36,2.4,54,fr Ligue 1,25,15.0,211,117,94,82,35,205,54.1,94,157,55,102,114,325,335,10,54,fr Ligue 1,25,55.4,15.0,9176,972,3034,4184,2041,337,9174,176,76,43.2,87,49.4,5373,27457,14003,239,177,60,216,96,6337,553,54,fr Ligue 1,25,26.9,15,1350,90,100,15.0,165,84,107,53,16,80,1.6,21,16,5,0.33,23.0,18.7,4.3,0.29,54,fr Ligue 1,25,15.0,30,5,2,219,198,22,322,114,117,1,1,2,550,163,187,46.6,54,fr Ligue 1,2,15,15,1350,15.0,16,1.07,49,34,67.3,7,3,5,8,53.3,1,0,1,0,54,fr Ligue 1,2,15.0,16,0,0,4,2,17.7,0.35,3.7,0.25,45,132,34.1,445,55,24.5,28.0,181,11,6.1,24,1.6,16.4
55,Mainz 05,de Bundesliga,26,28.6,48.0,13,143,1170,13.0,11,5,16,8,3,3,33,5,15.5,13.2,10.4,23.5,161,503,1.0,1.99,55,de Bundesliga,26,13.0,11,141,28,19.9,10.85,2.15,0.06,0.29,15.6,3,3,3,15.5,13.2,0.1,-4.5,-5.2,55,de Bundesliga,26,13.0,4241,5811,73.0,78346,30546,5,10.4,14.8,-5.4,103,413,133,32,503,55,de Bundesliga,26,13.0,5811,5122,655,158,8,28,271,300,67,18,35,0,4241,34,129,55,de Bundesliga,26,13.0,256,19.69,173,30,15,23,11,4,18,1.38,55,de Bundesliga,26,13.0,162,99,76,58,28,144,47.2,76,179,55,124,139,301,367,7,55,de Bundesliga,26,48.0,13.0,7378,780,2286,3111,2057,347,7375,169,83,49.1,80,47.3,3529,17292,7856,161,114,52,225,120,4201,497,55,de Bundesliga,26,28.6,13,1170,90,100,13.0,143,81,79,59,20,58,0.46,11,24,-13,-1.0,15.5,23.0,-7.5,-0.57,55,de Bundesliga,26,13.0,33,5,1,170,136,34,271,139,99,1,1,2,553,282,277,50.4,55,de Bundesliga,3,13,13,1168,13.0,24,1.85,65,43,64.6,1,3,9,0,0.0,1,1,0,0,55,de Bundesliga,3,13.0,24,1,0,2,2,19.6,0.3,-2.4,-0.18,88,283,31.1,410,31,56.3,27.5,152,12,7.9,22,1.7,13.8
56,Mallorca,es La Liga,25,28.3,44.9,15,165,1350,15.0,15,11,26,13,2,2,31,3,14.5,12.9,10.2,23.1,179,469,1.6,1.65,56,es La Liga,25,15.0,15,156,52,33.3,10.4,3.47,0.08,0.25,18.2,4,2,2,14.5,12.9,0.08,0.5,0.1,56,es La Liga,25,15.0,4864,6276,77.5,92092,35369,11,10.2,9.7,0.8,119,426,87,40,469,56,es La Liga,25,15.0,6276,5555,702,211,5,37,266,284,52,27,20,1,4864,19,126,56,es La Liga,25,15.0,282,18.8,211,27,17,11,13,3,28,1.87,56,es La Liga,25,15.0,211,113,115,77,19,206,52.4,98,178,60,118,103,314,451,7,56,es La Liga,25,44.9,15.0,8028,1054,2936,3409,1774,228,8026,247,111,44.9,112,45.3,4340,21978,10421,179,172,32,224,125,4825,465,56,es La Liga,25,28.3,15,1350,90,100,15.0,165,81,93,70,19,108,0.93,15,22,-7,-0.47,14.5,25.4,-10.9,-0.73,56,es La Liga,25,15.0,31,3,2,173,185,19,266,103,113,2,3,0,594,243,209,53.8,56,es La Liga,2,15,15,1350,15.0,22,1.47,69,46,71.0,3,5,7,3,20.0,3,2,1,0,56,es La Liga,2,15.0,22,2,1,2,0,23.0,0.3,1.0,0.07,103,265,38.9,384,54,51.8,42.5,251,12,4.8,17,1.13,15.1
57,Manchester City,eng Premier League,23,25.7,57.1,15,165,1350,15.0,32,28,60,32,0,1,27,0,29.1,28.3,25.3,53.6,403,612,4.0,3.62,57,eng Premier League,23,15.0,32,215,76,35.3,14.33,5.07,0.15,0.42,15.7,4,0,1,29.1,28.3,0.14,2.9,3.7,57,eng Premier League,23,15.0,7586,8797,86.2,118340,36157,28,25.3,20.7,2.7,169,558,143,25,612,57,eng Premier League,23,15.0,8797,8088,694,204,51,42,226,291,87,52,25,1,7586,15,147,57,eng Premier League,23,15.0,388,25.87,297,21,33,26,7,4,58,3.87,57,eng Premier League,23,15.0,200,122,87,75,38,171,56.7,74,125,41,84,113,313,383,14,57,eng Premier League,23,57.1,15.0,10496,926,2931,4756,2886,462,10495,351,154,43.9,151,43.0,6598,34443,18478,403,303,131,222,142,7531,603,57,eng Premier League,23,25.7,15,1350,90,100,15.0,165,83,102,63,18,72,2.07,35,16,19,1.27,29.1,15.8,13.3,0.89,57,eng Premier League,23,15.0,27,0,0,144,164,15,226,113,122,1,2,0,574,200,152,56.8,57,eng Premier League,2,15,15,1350,15.0,16,1.07,47,30,68.1,10,1,4,6,40.0,2,1,1,0,57,eng Premier League,2,15.0,16,1,0,5,0,17.1,0.33,1.1,0.07,41,128,32.0,363,47,27.5,28.4,171,9,5.3,19,1.27,10.4
58,Manchester Utd,eng Premier League,21,26.5,53.9,15,165,1350,15.0,24,18,42,22,2,4,22,1,26.7,23.7,17.6,41.4,284,623,2.67,2.96,58,eng Premier League,21,15.0,24,237,75,31.6,15.8,5.0,0.09,0.29,16.6,3,2,4,26.7,23.7,0.11,-2.7,-1.7,58,eng Premier League,21,15.0,6024,7607,79.2,104276,37445,18,17.6,16.6,0.4,181,492,126,38,623,58,eng Premier League,21,15.0,7607,6863,719,196,52,49,272,306,70,53,1,4,6024,25,137,58,eng Premier League,21,15.0,422,28.13,306,38,14,38,17,9,41,2.73,58,eng Premier League,21,15.0,265,158,111,111,43,233,52.8,110,150,42,108,115,380,371,11,58,eng Premier League,21,53.9,15.0,9414,945,2752,4296,2446,402,9410,227,90,39.6,116,51.1,5000,24554,13098,284,197,86,259,131,5967,620,58,eng Premier League,21,26.5,15,1350,90,100,15.0,165,82,99,65,21,70,1.67,26,22,4,0.27,26.7,19.6,7.1,0.47,58,eng Premier League,21,15.0,22,1,1,154,169,25,272,115,158,3,1,0,641,276,294,48.4,58,eng Premier League,2,15,15,1350,15.0,22,1.47,53,31,60.4,7,4,4,1,6.7,1,1,0,0,58,eng Premier League,2,15.0,22,1,1,5,0,21.6,0.41,-0.4,-0.02,86,290,29.7,416,32,54.3,37.5,213,13,6.1,18,1.2,13.0
59,Marseille,fr Ligue 1,30,27.9,59.7,15,165,1350,15.0,34,24,58,30,4,5,32,2,28.0,24.6,20.5,45.2,266,707,3.6,3.24,59,fr Ligue 1,30,15.0,34,206,80,38.8,13.73,5.33,0.15,0.38,17.9,6,4,5,28.0,24.6,0.12,6.0,5.4,59,fr Ligue 1,30,15.0,8349,9479,88.1,137452,42389,24,20.5,18.4,3.5,166,696,128,20,707,59,fr Ligue 1,30,15.0,9479,8878,583,165,33,55,251,222,84,25,37,0,8349,18,105,59,fr Ligue 1,30,15.0,388,25.87,290,27,28,19,17,7,62,4.13,59,fr Ligue 1,30,15.0,208,120,66,100,42,194,53.1,91,119,34,85,110,318,261,10,59,fr Ligue 1,30,59.7,15.0,10946,810,2704,5511,2793,342,10941,207,91,44.0,106,51.2,7559,32996,16575,266,229,91,203,81,8293,701,59,fr Ligue 1,30,27.9,15,1350,90,100,15.0,165,81,94,70,20,64,1.93,35,15,20,1.33,28.0,14.8,13.2,0.88,59,fr Ligue 1,30,15.0,32,2,0,178,145,18,251,110,120,4,1,1,591,147,147,50.0,59,fr Ligue 1,2,15,15,1350,15.0,15,1.0,55,41,74.5,9,2,4,5,33.3,1,1,0,0,59,fr Ligue 1,2,15.0,15,1,0,1,1,16.1,0.28,2.1,0.14,51,121,42.1,425,55,21.2,27.9,151,23,15.2,40,2.67,17.8
60,Metz,fr Ligue 1,27,26.6,49.1,15,165,1350,15.0,14,9,23,11,3,4,22,3,17.2,14.1,12.1,26.2,230,395,1.33,1.95,60,fr Ligue 1,27,15.0,14,130,41,31.5,8.67,2.73,0.08,0.27,17.8,2,3,4,17.2,14.1,0.11,-3.2,-3.1,60,fr Ligue 1,27,15.0,6139,7341,83.6,112467,36029,9,12.1,10.6,-3.1,101,346,70,25,395,60,fr Ligue 1,27,15.0,7341,6634,689,191,13,73,243,252,62,25,29,0,6139,18,115,60,fr Ligue 1,27,15.0,232,15.47,165,20,15,17,11,4,24,1.6,60,fr Ligue 1,27,15.0,254,156,148,78,28,244,54.9,110,150,44,106,96,350,336,12,60,fr Ligue 1,27,49.1,15.0,8879,1237,3803,3710,1447,214,8875,213,102,47.9,98,46.0,5511,28648,13948,230,167,44,230,143,6101,393,60,fr Ligue 1,27,26.6,15,1350,90,100,15.0,165,83,95,67,17,68,0.73,15,34,-19,-1.27,17.2,29.9,-12.7,-0.85,60,fr Ligue 1,27,15.0,22,3,1,166,169,18,243,96,156,4,6,1,577,129,160,44.6,60,fr Ligue 1,2,15,15,1350,15.0,34,2.27,86,52,66.3,3,2,10,3,20.0,6,5,1,0,60,fr Ligue 1,2,15.0,34,5,0,1,1,32.4,0.33,-0.6,-0.04,55,149,36.9,491,62,20.4,41.4,205,7,3.4,16,1.07,16.8
61,Milan,it Serie A,24,27.8,50.9,14,154,1260,14.0,22,16,38,20,2,3,22,1,21.9,19.6,14.4,34.0,254,536,2.57,2.59,61,it Serie A,24,14.0,22,187,62,33.2,13.36,4.43,0.11,0.32,16.9,3,2,3,21.9,19.6,0.11,0.1,0.4,61,it Serie A,24,14.0,6133,7171,85.5,110505,35249,16,14.4,15.0,1.6,145,479,117,25,536,61,it Serie A,24,14.0,7171,6556,589,185,31,39,202,239,53,31,15,0,6133,26,80,61,it Serie A,24,14.0,335,23.93,245,28,18,21,19,4,36,2.57,61,it Serie A,24,14.0,186,115,111,51,24,168,60.1,67,109,41,68,83,269,347,10,61,it Serie A,24,50.9,14.0,8636,849,2680,4044,1982,347,8633,240,89,37.1,110,45.8,5044,26183,13321,254,180,72,187,80,6085,533,61,it Serie A,24,27.8,14,1260,90,100,14.0,154,84,106,47,20,75,2.21,22,11,11,0.79,21.9,15.9,6.0,0.43,61,it Serie A,24,14.0,22,1,0,135,164,26,202,83,115,3,5,0,488,160,161,49.8,61,it Serie A,2,14,14,1260,14.0,11,0.79,49,36,83.7,9,4,1,7,50.0,5,3,2,0,61,it Serie A,2,14.0,11,3,0,2,0,15.3,0.25,4.3,0.31,44,143,30.8,408,61,26.7,32.3,236,19,8.1,8,0.57,11.2
62,Monaco,fr Ligue 1,28,26.0,54.4,15,165,1350,15.0,24,18,42,20,4,5,39,4,28.9,24.9,19.3,44.2,242,662,2.53,3.21,62,fr Ligue 1,28,15.0,24,183,55,30.1,12.2,3.67,0.11,0.36,15.9,3,4,5,28.9,24.9,0.14,-4.9,-4.9,62,fr Ligue 1,28,15.0,6574,7995,82.2,111774,38768,18,19.3,19.7,-1.3,142,526,155,32,662,62,fr Ligue 1,28,15.0,7995,7260,700,179,34,31,253,308,65,32,21,0,6574,35,145,62,fr Ligue 1,28,15.0,322,21.47,246,31,9,21,9,6,41,2.73,62,fr Ligue 1,28,15.0,258,155,112,102,44,249,48.2,129,192,63,129,163,421,337,13,62,fr Ligue 1,28,54.4,15.0,9729,853,2597,4940,2276,354,9724,216,85,39.4,123,56.9,5194,26174,13441,242,183,65,254,131,6527,659,62,fr Ligue 1,28,26.0,15,1350,90,100,15.0,165,80,91,70,21,65,1.53,26,26,0,0.0,28.9,25.7,3.2,0.21,62,fr Ligue 1,28,15.0,39,4,1,196,168,35,253,163,155,2,5,1,679,202,163,55.3,62,fr Ligue 1,2,15,15,1350,15.0,26,1.73,62,37,64.5,7,2,6,2,13.3,5,4,0,1,62,fr Ligue 1,2,15.0,26,4,0,2,1,24.0,0.35,-1.0,-0.07,40,113,35.4,342,57,26.0,31.7,184,12,6.5,28,1.87,16.8
63,Nantes,fr Ligue 1,23,25.4,42.7,15,165,1350,15.0,13,6,19,13,0,2,25,1,12.5,10.8,7.3,18.1,205,377,1.27,1.32,63,fr Ligue 1,23,15.0,13,147,35,23.8,9.8,2.33,0.09,0.37,19.6,7,0,2,12.5,10.8,0.07,0.5,2.2,63,fr Ligue 1,23,15.0,4568,5887,77.6,88170,32202,6,7.3,7.7,-1.3,96,294,77,19,377,63,fr Ligue 1,23,15.0,5887,5117,756,239,13,34,199,289,47,28,15,0,4568,14,118,63,fr Ligue 1,23,15.0,259,17.27,178,23,17,18,19,4,22,1.47,63,fr Ligue 1,23,15.0,226,134,127,75,24,203,55.2,91,159,62,97,94,320,449,11,63,fr Ligue 1,23,42.7,15.0,7601,1236,3326,3032,1339,260,7599,263,117,44.5,137,52.1,4207,22474,11660,205,122,58,231,118,4524,373,63,fr Ligue 1,23,25.4,15,1350,90,100,15.0,165,82,94,71,18,64,0.73,13,24,-11,-0.73,12.5,25.6,-13.1,-0.87,63,fr Ligue 1,23,15.0,25,1,0,173,189,14,199,94,134,2,2,1,563,171,201,46.0,63,fr Ligue 1,2,15,15,1350,15.0,24,1.6,78,55,71.8,2,5,8,2,13.3,2,2,0,0,63,fr Ligue 1,2,15.0,24,2,0,2,1,23.3,0.29,0.3,0.02,66,192,34.4,433,75,36.3,32.8,287,14,4.9,17,1.13,12.3
64,Napoli,it Serie A,25,29.2,56.1,14,154,1260,14.0,22,14,36,19,3,3,22,0,20.0,18.7,13.3,32.0,263,580,2.36,2.38,64,it Serie A,25,14.0,22,180,68,37.8,12.86,4.86,0.11,0.28,17.1,7,3,3,20.0,18.7,0.11,2.0,0.3,64,it Serie A,25,14.0,6551,7821,83.8,112817,36065,14,13.3,14.1,0.7,128,481,109,34,580,64,it Serie A,25,14.0,7821,7141,663,183,26,24,251,259,80,49,7,0,6551,17,130,64,it Serie A,25,14.0,302,21.57,224,21,20,19,12,6,40,2.86,64,it Serie A,25,14.0,196,119,81,83,32,146,55.5,65,107,33,74,101,297,244,6,64,it Serie A,25,56.1,14.0,9165,767,2643,4443,2153,291,9162,216,95,44.0,103,47.7,5496,27117,13297,263,184,59,202,126,6489,575,64,it Serie A,25,29.2,14,1260,90,100,14.0,154,82,90,64,19,110,2.21,22,12,10,0.71,20.0,14.8,5.2,0.37,64,it Serie A,25,14.0,22,0,0,178,172,17,251,101,119,3,4,0,565,180,174,50.8,64,it Serie A,2,14,14,1260,14.0,12,0.86,36,22,72.2,10,1,3,5,35.7,4,2,2,0,64,it Serie A,2,14.0,12,2,0,1,0,12.4,0.26,0.4,0.03,57,191,29.8,428,36,35.0,25.7,143,7,4.9,16,1.14,19.4
65,Newcastle Utd,eng Premier League,24,27.7,51.3,15,165,1350,15.0,21,12,33,18,3,3,17,2,20.6,18.3,14.7,33.0,247,686,2.0,2.35,65,eng Premier League,24,15.0,21,186,62,33.3,12.4,4.13,0.1,0.29,18.1,3,3,3,20.6,18.3,0.1,0.4,-0.3,65,eng Premier League,24,15.0,5921,7392,80.1,104199,37473,12,14.7,13.3,-2.7,143,518,130,36,686,65,eng Premier League,24,15.0,7392,6688,689,179,24,40,336,293,91,47,31,2,5921,15,125,65,eng Premier League,24,15.0,339,22.6,252,26,20,23,11,7,35,2.33,65,eng Premier League,24,15.0,208,141,89,98,21,215,46.5,115,154,46,108,107,315,408,11,65,eng Premier League,24,51.3,15.0,9104,900,2760,4085,2346,354,9100,242,97,40.1,114,47.1,5286,24854,12203,247,159,65,216,127,5883,679,65,eng Premier League,24,27.7,15,1350,90,100,15.0,165,82,96,67,19,68,1.47,21,19,2,0.13,20.6,16.8,3.8,0.25,65,eng Premier League,24,15.0,17,2,1,163,156,15,336,107,141,2,2,1,620,247,198,55.5,65,eng Premier League,2,15,15,1350,15.0,19,1.27,61,43,72.1,6,4,5,5,33.3,2,2,0,0,65,eng Premier League,2,15.0,19,2,0,4,1,18.1,0.29,0.1,0.01,38,159,23.9,354,104,28.2,32.6,208,25,12.0,41,2.73,17.3
66,Nice,fr Ligue 1,27,25.4,47.3,15,165,1350,15.0,17,15,32,15,2,2,33,2,17.3,15.8,13.5,29.3,235,508,2.0,2.06,66,fr Ligue 1,27,15.0,17,168,57,33.9,11.2,3.8,0.09,0.26,17.9,4,2,2,17.3,15.8,0.09,-0.3,-0.8,66,fr Ligue 1,27,15.0,5671,6952,81.6,93877,33367,15,13.5,14.1,1.5,134,422,114,45,508,66,fr Ligue 1,27,15.0,6952,6290,639,185,25,45,271,234,74,28,29,0,5671,23,130,66,fr Ligue 1,27,15.0,312,20.8,246,22,11,18,10,5,30,2.0,66,fr Ligue 1,27,15.0,209,125,117,66,26,190,47.4,100,156,69,87,126,335,423,12,66,fr Ligue 1,27,47.3,15.0,8602,1102,2946,3961,1778,266,8600,233,109,46.8,112,48.1,5098,26630,13882,235,175,46,234,123,5607,504,66,fr Ligue 1,27,25.4,15,1350,90,100,15.0,165,80,93,72,21,63,1.13,19,27,-8,-0.53,17.3,27.8,-10.5,-0.7,66,fr Ligue 1,27,15.0,33,2,1,186,172,23,271,126,125,1,5,0,623,197,182,52.0,66,fr Ligue 1,1,15,15,1350,15.0,27,1.8,85,57,72.9,5,2,8,2,13.3,5,4,1,0,66,fr Ligue 1,1,15.0,27,4,0,5,0,27.5,0.28,0.5,0.03,48,136,35.3,387,84,27.4,28.9,255,20,7.8,10,0.67,11.0
67,Nott'ham Forest,eng Premier League,26,26.4,50.9,15,165,1350,15.0,14,7,21,13,1,1,25,0,17.2,16.4,12.7,29.1,263,635,1.33,1.99,67,eng Premier League,26,15.0,14,181,57,31.5,12.07,3.8,0.07,0.23,16.8,6,1,1,17.2,16.4,0.09,-3.2,-3.4,67,eng Premier League,26,15.0,5898,7379,79.9,102691,36342,7,12.7,11.4,-5.7,133,531,136,43,635,67,eng Premier League,26,15.0,7379,6637,723,192,15,30,358,293,83,48,23,0,5898,19,134,67,eng Premier League,26,15.0,321,21.4,233,26,20,28,8,6,25,1.67,67,eng Premier League,26,15.0,267,159,127,84,56,255,54.9,115,165,59,106,113,380,374,18,67,eng Premier League,26,50.9,15.0,9126,945,2944,3887,2388,326,9125,247,110,44.5,116,47.0,4975,25645,13226,263,204,58,251,109,5855,625,67,eng Premier League,26,26.4,15,1350,90,100,15.0,165,82,105,61,23,74,1.0,14,25,-11,-0.73,17.2,22.4,-5.1,-0.34,67,eng Premier League,26,15.0,25,0,0,165,176,19,358,113,159,1,3,1,626,209,233,47.3,67,eng Premier League,1,15,15,1350,15.0,25,1.67,71,47,69.0,4,3,8,2,13.3,3,3,0,0,67,eng Premier League,1,15.0,25,3,1,6,1,23.4,0.3,-0.6,-0.04,66,224,29.5,333,54,55.0,39.1,204,9,4.4,17,1.13,15.6
68,Osasuna,es La Liga,21,28.5,46.3,15,165,1350,15.0,14,11,25,12,2,3,34,3,16.1,13.8,10.7,24.5,192,449,1.53,1.79,68,es La Liga,21,15.0,14,156,49,31.4,10.4,3.27,0.08,0.24,17.1,6,2,3,16.1,13.8,0.09,-2.1,-1.8,68,es La Liga,21,15.0,5055,6542,77.3,88325,35133,11,10.7,12.1,0.3,111,361,89,36,449,68,es La Liga,21,15.0,6542,5827,704,198,12,43,274,298,46,15,25,0,5055,11,114,68,es La Liga,21,15.0,273,18.2,197,31,14,14,13,4,26,1.73,68,es La Liga,21,15.0,232,136,128,84,20,224,55.4,100,154,47,107,106,338,424,6,68,es La Liga,21,46.3,15.0,8248,886,2721,3739,1882,300,8245,232,88,37.9,120,51.7,4437,22273,10632,192,196,57,234,116,5002,440,68,es La Liga,21,28.5,15,1350,90,100,15.0,165,82,99,65,19,71,1.0,14,18,-4,-0.27,16.1,19.4,-3.3,-0.22,68,es La Liga,21,15.0,34,3,1,195,162,11,274,106,136,2,3,0,629,264,212,55.5,68,es La Liga,1,15,15,1350,15.0,18,1.2,73,55,79.5,4,3,8,4,26.7,3,3,0,0,68,es La Liga,1,15.0,18,3,0,1,0,21.7,0.28,3.7,0.25,89,204,43.6,366,73,34.2,33.0,213,12,5.6,39,2.6,20.2
69,Oviedo,es La Liga,27,29.0,44.8,15,165,1350,15.0,7,3,10,6,1,2,33,6,12.6,11.0,7.7,18.8,215,436,0.6,1.35,69,es La Liga,27,15.0,7,134,39,29.1,8.93,2.6,0.04,0.15,18.1,2,1,2,12.6,11.0,0.08,-5.6,-5.0,69,es La Liga,27,15.0,5300,6538,81.1,99896,34050,3,7.7,10.2,-4.7,90,327,91,36,436,69,es La Liga,27,15.0,6538,5840,665,176,14,55,241,275,58,33,18,0,5300,33,107,69,es La Liga,27,15.0,233,15.53,167,21,17,14,7,7,9,0.6,69,es La Liga,27,15.0,258,164,153,94,11,247,53.8,114,150,57,93,110,368,461,16,69,es La Liga,27,44.8,15.0,8254,1196,3399,3450,1473,244,8252,245,121,49.4,113,46.1,4629,24452,12292,215,140,43,228,95,5237,430,69,es La Liga,27,29.0,15,1350,90,100,15.0,165,80,88,73,22,105,0.67,7,22,-15,-1.0,12.6,26.1,-13.6,-0.9,69,es La Liga,27,15.0,33,6,2,174,154,33,241,110,164,1,4,0,536,206,181,53.2,69,es La Liga,1,15,15,1350,15.0,22,1.47,99,75,79.8,2,4,9,4,26.7,4,2,2,0,69,es La Liga,1,15.0,22,2,0,5,0,29.6,0.28,7.6,0.5,79,209,37.8,442,51,38.7,33.0,245,8,3.3,29,1.93,15.4
70,Paris FC,fr Ligue 1,25,27.7,54.4,15,165,1350,15.0,21,14,35,18,3,3,30,2,20.9,18.5,15.1,33.6,247,587,2.13,2.4,70,fr Ligue 1,25,15.0,21,187,53,28.3,12.47,3.53,0.1,0.34,17.9,1,3,3,20.9,18.5,0.1,0.1,-0.5,70,fr Ligue 1,25,15.0,6985,8261,84.6,126616,40887,14,15.1,15.9,-1.1,146,462,107,29,587,70,fr Ligue 1,25,15.0,8261,7551,678,194,26,51,261,260,69,45,5,0,6985,32,120,70,fr Ligue 1,25,15.0,340,22.67,264,19,18,22,9,8,35,2.33,70,fr Ligue 1,25,15.0,222,130,106,86,30,177,59.9,71,128,48,80,109,331,357,16,70,fr Ligue 1,25,54.4,15.0,9816,1137,3524,4430,1937,310,9813,187,80,42.8,100,53.5,5306,26972,14006,247,166,80,214,124,6943,584,70,fr Ligue 1,25,27.7,15,1350,90,100,15.0,165,82,90,73,18,62,1.07,21,26,-5,-0.33,20.9,23.7,-2.9,-0.19,70,fr Ligue 1,25,15.0,30,2,1,173,162,32,261,109,130,1,7,0,592,163,199,45.0,70,fr Ligue 1,2,15,15,1350,15.0,26,1.73,58,31,62.1,4,4,7,3,20.0,7,4,1,2,70,fr Ligue 1,2,15.0,26,4,0,6,0,22.4,0.32,-3.6,-0.24,41,165,24.8,565,68,24.2,30.9,209,8,3.8,16,1.07,11.6
71,Paris S-G,fr Ligue 1,23,24.0,70.0,15,165,1350,15.0,32,22,54,29,3,4,18,0,27.4,24.3,20.5,44.7,388,880,3.4,3.19,71,fr Ligue 1,23,15.0,32,265,98,37.0,17.67,6.53,0.11,0.3,18.6,11,3,4,27.4,24.3,0.09,4.6,4.7,71,fr Ligue 1,23,15.0,10587,11706,90.4,176383,49127,22,20.5,22.0,1.5,222,948,172,28,880,71,fr Ligue 1,23,15.0,11706,11091,601,146,30,73,222,263,96,23,21,0,10587,14,111,71,fr Ligue 1,23,15.0,485,32.33,401,23,22,14,20,5,58,3.87,71,fr Ligue 1,23,15.0,219,138,71,93,55,204,58.8,84,144,35,109,91,310,203,9,71,fr Ligue 1,23,70.0,15.0,13269,819,2874,6514,3972,491,13265,332,130,39.2,185,55.7,8421,43028,21255,388,299,129,228,128,10537,877,71,fr Ligue 1,23,24.0,15,1350,90,100,15.0,165,80,99,66,25,65,2.2,32,12,20,1.33,27.4,13.7,13.7,0.91,71,fr Ligue 1,23,15.0,18,0,0,153,129,14,222,91,138,4,2,1,693,106,114,48.2,71,fr Ligue 1,2,15,15,1350,15.0,12,0.8,40,28,70.0,10,3,2,8,53.3,2,0,1,1,71,fr Ligue 1,2,15.0,12,0,0,1,1,10.5,0.25,-0.5,-0.03,19,55,34.5,336,54,9.8,26.9,117,8,6.8,16,1.07,18.4
72,Parma,it Serie A,25,24.6,42.2,14,154,1260,14.0,10,4,14,8,2,2,28,3,13.5,11.9,8.8,20.7,135,317,0.86,1.59,72,it Serie A,25,14.0,10,149,38,25.5,10.64,2.71,0.05,0.21,18.5,6,2,2,13.5,11.9,0.08,-3.5,-3.9,72,it Serie A,25,14.0,3738,5099,73.3,72836,28884,4,8.8,6.5,-4.8,101,268,55,21,317,72,it Serie A,25,14.0,5099,4418,664,234,4,21,209,241,42,28,13,0,3738,17,96,72,it Serie A,25,14.0,256,18.29,148,43,12,25,23,5,13,0.93,72,it Serie A,25,14.0,211,131,110,85,16,230,54.8,104,152,45,107,92,303,372,4,72,it Serie A,25,42.2,14.0,6672,873,2428,2915,1390,204,6670,174,61,35.1,86,49.4,3320,16317,7996,135,113,22,206,121,3679,314,72,it Serie A,25,24.6,14,1260,90,100,14.0,154,82,92,61,19,128,1.0,10,17,-7,-0.5,13.5,17.7,-4.2,-0.3,72,it Serie A,25,14.0,28,3,2,151,190,17,209,92,131,0,3,0,500,234,231,50.3,72,it Serie A,2,14,14,1260,14.0,17,1.21,59,41,74.6,3,5,6,4,28.6,3,2,1,0,72,it Serie A,2,14.0,17,2,0,3,0,15.9,0.23,-1.1,-0.08,111,286,38.8,439,58,45.8,41.9,238,15,6.3,28,2.0,17.0
73,Pisa,it Serie A,26,27.6,40.2,14,154,1260,14.0,9,5,14,5,4,4,25,2,14.9,12.0,10.5,22.5,191,390,0.71,1.82,73,it Serie A,26,14.0,9,137,30,21.9,9.79,2.14,0.04,0.17,16.5,0,4,4,14.9,12.0,0.09,-5.9,-7.0,73,it Serie A,26,14.0,3754,5030,74.6,73405,29993,5,10.5,10.8,-5.5,110,295,98,45,390,73,it Serie A,26,14.0,5030,4392,620,185,10,30,256,228,48,18,24,0,3754,18,92,73,it Serie A,26,14.0,254,18.14,178,33,13,15,12,3,14,1.0,73,it Serie A,26,14.0,229,131,115,91,23,206,46.1,111,150,60,90,107,336,431,8,73,it Serie A,26,40.2,14.0,6680,1052,2598,2833,1331,240,6676,213,77,36.2,111,52.1,3343,17484,8872,191,117,41,220,98,3711,379,73,it Serie A,26,27.6,14,1260,90,100,14.0,154,79,85,67,24,131,0.71,10,19,-9,-0.64,14.9,19.5,-4.5,-0.32,73,it Serie A,26,14.0,25,2,0,184,163,18,256,107,131,2,1,0,565,260,198,56.8,73,it Serie A,2,14,14,1260,14.0,19,1.36,63,44,71.4,1,7,6,4,28.6,1,1,0,0,73,it Serie A,2,14.0,19,1,1,3,0,17.1,0.26,-1.9,-0.13,109,248,44.0,358,52,54.5,32.6,204,14,6.9,2,0.14,6.4
74,Rayo Vallecano,es La Liga,24,29.4,53.9,15,165,1350,15.0,13,10,23,12,1,2,39,3,20.4,18.8,14.4,33.3,254,553,1.47,2.32,74,es La Liga,24,15.0,13,188,57,30.3,12.53,3.8,0.06,0.21,19.4,6,1,2,20.4,18.8,0.1,-7.4,-6.8,74,es La Liga,24,15.0,5973,7367,81.1,109303,39346,10,14.4,13.3,-4.4,143,475,95,32,553,74,es La Liga,24,15.0,7367,6624,717,162,20,49,323,309,92,39,34,2,5973,26,160,74,es La Liga,24,15.0,326,21.73,241,36,12,19,10,8,23,1.53,74,es La Liga,24,15.0,246,138,131,88,27,257,45.9,139,189,60,129,122,368,379,13,74,es La Liga,24,53.9,15.0,9134,1119,3210,3906,2103,275,9132,230,103,44.8,107,46.5,4879,24647,12854,254,172,49,264,106,5933,551,74,es La Liga,24,29.4,15,1350,90,100,15.0,165,81,91,73,19,97,1.13,13,16,-3,-0.2,20.4,19.3,1.1,0.07,74,es La Liga,24,15.0,39,3,1,210,144,26,323,122,138,2,3,0,657,133,182,42.2,74,es La Liga,1,15,15,1350,15.0,16,1.07,55,39,76.4,4,5,6,5,33.3,3,3,0,0,74,es La Liga,1,15.0,16,3,0,2,0,17.3,0.28,1.3,0.08,94,242,38.8,442,56,46.6,38.3,196,16,8.2,24,1.6,15.7
75,RB Leipzig,de Bundesliga,26,25.7,49.6,13,143,1170,13.0,27,20,47,26,1,2,21,0,25.5,24.0,17.6,41.6,278,472,3.54,3.31,75,de Bundesliga,26,13.0,27,215,74,34.4,16.54,5.69,0.12,0.35,16.9,9,1,2,25.5,24.0,0.12,1.5,2.0,75,de Bundesliga,26,13.0,5470,6641,82.4,96043,32864,20,17.6,18.1,2.4,164,350,103,11,472,75,de Bundesliga,26,13.0,6641,6019,601,163,26,26,195,221,80,32,26,0,5470,21,110,75,de Bundesliga,26,13.0,387,29.77,271,39,25,27,21,4,46,3.54,75,de Bundesliga,26,13.0,209,123,119,71,19,178,51.1,87,180,59,121,132,341,408,10,75,de Bundesliga,26,49.6,13.0,8390,1001,2987,3688,1802,380,8388,287,142,49.5,128,44.6,4683,23675,12784,278,181,93,216,99,5446,470,75,de Bundesliga,26,25.7,13,1170,90,100,13.0,143,83,80,63,16,54,2.23,28,13,15,1.15,25.5,16.5,8.9,0.69,75,de Bundesliga,26,13.0,21,0,0,123,139,21,195,132,123,1,0,0,581,151,174,46.5,75,de Bundesliga,1,13,13,1170,13.0,13,1.0,42,29,69.0,9,2,2,7,53.8,0,0,0,0,75,de Bundesliga,1,13.0,13,0,0,2,0,12.3,0.29,-0.7,-0.05,33,109,30.3,360,53,21.7,29.4,179,11,6.1,17,1.31,14.5
76,Real Madrid,es La Liga,23,25.8,59.4,16,176,1440,16.0,32,25,57,27,5,7,30,4,37.8,32.3,27.3,59.6,397,892,3.25,4.07,76,es La Liga,23,16.0,32,311,107,34.4,19.44,6.69,0.09,0.25,18.5,9,5,7,37.8,32.3,0.11,-5.8,-5.3,76,es La Liga,23,16.0,8759,9999,87.6,147940,45168,25,27.3,25.0,-2.3,247,877,170,21,892,76,es La Liga,23,16.0,9999,9249,721,214,40,100,260,268,101,37,32,0,8759,29,123,76,es La Liga,23,16.0,570,35.62,430,35,40,33,23,9,59,3.69,76,es La Liga,23,16.0,281,163,114,110,57,238,58.0,100,166,51,115,119,400,298,9,76,es La Liga,23,59.4,16.0,11908,855,2732,5377,3901,578,11901,410,170,41.5,187,45.6,7089,37281,19564,397,255,168,226,109,8710,883,76,es La Liga,23,25.8,16,1440,90,100,16.0,176,81,99,74,20,104,2.25,32,15,17,1.06,37.8,17.8,20.0,1.25,76,es La Liga,23,16.0,30,4,1,153,208,29,260,119,163,5,2,0,682,178,130,57.8,76,es La Liga,1,16,16,1440,16.0,15,0.94,50,35,74.0,11,3,2,7,43.8,2,2,0,0,76,es La Liga,1,16.0,15,2,1,1,0,13.9,0.25,-1.1,-0.07,45,145,31.0,442,75,25.6,30.2,166,8,4.8,21,1.31,16.3
77,Real Sociedad,es La Liga,27,26.5,51.9,15,165,1350,15.0,19,12,31,16,3,3,35,0,20.3,18.0,15.1,33.1,254,591,1.87,2.36,77,es La Liga,27,15.0,19,202,67,33.2,13.47,4.47,0.08,0.24,17.6,7,3,3,20.3,18.0,0.09,-1.3,-2.0,77,es La Liga,27,15.0,5841,7331,79.7,102011,37560,12,15.1,14.8,-3.1,157,501,108,37,591,77,es La Liga,27,15.0,7331,6568,730,187,27,47,297,292,97,53,14,0,5841,33,146,77,es La Liga,27,15.0,358,23.87,258,41,18,19,16,6,31,2.07,77,es La Liga,27,15.0,264,153,132,105,27,257,50.2,128,145,43,102,109,373,350,7,77,es La Liga,27,51.9,15.0,9074,862,2582,4394,2173,340,9071,284,115,40.5,135,47.5,5178,25886,13789,254,192,77,240,100,5779,586,77,es La Liga,27,26.5,15,1350,90,100,15.0,165,80,90,76,21,103,1.07,19,22,-3,-0.2,20.3,19.8,0.6,0.04,77,es La Liga,27,15.0,35,0,0,232,169,33,297,109,153,1,2,1,587,225,216,51.0,77,es La Liga,1,15,15,1350,15.0,22,1.47,52,31,61.5,4,4,7,1,6.7,2,2,0,0,77,es La Liga,1,15.0,22,2,0,3,1,17.5,0.31,-3.5,-0.24,90,197,45.7,432,57,33.6,31.8,168,9,5.4,23,1.53,16.4
78,Rennes,fr Ligue 1,28,26.4,49.7,15,165,1350,15.0,23,18,41,21,2,2,27,4,22.1,20.5,17.0,37.5,235,576,2.6,2.6,78,fr Ligue 1,28,15.0,23,187,64,34.2,12.47,4.27,0.11,0.33,18.2,3,2,2,22.1,20.5,0.11,0.9,0.5,78,fr Ligue 1,28,15.0,6135,7434,82.5,106411,37246,18,17.0,14.1,1.0,147,503,106,28,576,78,fr Ligue 1,28,15.0,7434,6684,719,207,16,34,258,269,80,32,25,0,6135,31,129,78,fr Ligue 1,28,15.0,325,21.67,237,27,22,23,12,4,38,2.53,78,fr Ligue 1,28,15.0,234,134,107,97,30,211,53.6,98,171,66,105,129,363,337,12,78,fr Ligue 1,28,49.7,15.0,9035,1003,3001,4021,2095,282,9033,222,97,43.7,118,53.2,4742,25702,13179,235,178,65,215,120,6086,572,78,fr Ligue 1,28,26.4,15,1350,90,100,15.0,165,80,99,63,22,72,1.6,24,23,1,0.07,22.1,24.2,-2.2,-0.14,78,fr Ligue 1,28,15.0,27,4,1,167,173,31,258,129,134,1,4,0,626,151,131,53.5,78,fr Ligue 1,1,15,15,1350,15.0,23,1.53,63,39,68.3,6,6,3,4,26.7,4,3,1,0,78,fr Ligue 1,1,15.0,23,3,0,1,0,21.6,0.29,-1.4,-0.09,53,179,29.6,498,61,29.7,31.6,213,9,4.2,19,1.27,17.3
79,Roma,it Serie A,23,26.9,57.9,14,154,1260,14.0,15,10,25,14,1,2,28,1,17.0,15.6,12.8,28.4,240,594,1.71,2.13,79,it Serie A,23,14.0,15,182,65,35.7,13.0,4.64,0.08,0.22,17.1,8,1,2,17.0,15.6,0.09,-2.0,-1.6,79,it Serie A,23,14.0,6060,7463,81.2,108838,36177,10,12.8,12.5,-2.8,144,463,113,24,594,79,it Serie A,23,14.0,7463,6731,713,240,20,40,275,282,74,42,26,0,6060,19,126,79,it Serie A,23,14.0,328,23.43,242,33,9,25,15,4,24,1.71,79,it Serie A,23,14.0,193,96,84,80,29,181,49.7,91,125,26,99,105,298,284,9,79,it Serie A,23,57.9,14.0,8959,794,2582,4169,2285,330,8957,233,74,31.8,123,52.8,4993,24608,12268,240,218,63,217,127,6021,591,79,it Serie A,23,26.9,14,1260,90,100,14.0,154,80,85,69,23,101,1.93,15,8,7,0.5,17.0,16.2,0.8,0.06,79,it Serie A,23,14.0,28,1,0,204,208,19,275,105,96,0,0,0,590,211,222,48.7,79,it Serie A,1,14,14,1260,14.0,8,0.57,54,46,85.2,9,0,5,6,42.9,0,0,0,0,79,it Serie A,1,14.0,8,0,0,2,0,13.3,0.25,5.3,0.38,65,181,35.9,433,76,29.6,33.1,140,10,7.1,10,0.71,13.7
80,Sassuolo,it Serie A,25,26.7,45.8,14,154,1260,14.0,19,13,32,17,2,3,32,1,15.1,12.6,10.3,22.9,225,421,2.14,1.81,80,it Serie A,25,14.0,19,154,53,34.4,11.0,3.79,0.11,0.32,17.9,8,2,3,15.1,12.6,0.08,3.9,4.4,80,it Serie A,25,14.0,4742,5908,80.3,83187,30902,13,10.3,9.1,2.7,120,348,93,29,421,80,it Serie A,25,14.0,5908,5251,631,207,11,35,174,228,51,27,9,0,4742,26,102,80,it Serie A,25,14.0,288,20.57,221,22,11,14,15,5,34,2.43,80,it Serie A,25,14.0,196,109,88,75,33,193,56.5,84,145,42,103,107,303,347,5,80,it Serie A,25,45.8,14.0,7436,835,2600,3295,1603,251,7433,192,73,38.0,95,49.5,3910,20904,10776,225,123,55,241,113,4717,417,80,it Serie A,25,26.7,14,1260,90,100,14.0,154,81,85,68,20,122,1.43,19,17,2,0.14,15.1,19.1,-4.0,-0.28,80,it Serie A,25,14.0,32,1,1,180,191,26,174,107,109,3,3,1,520,181,203,47.1,80,it Serie A,2,14,14,1260,14.0,17,1.21,66,50,78.8,6,2,6,4,28.6,3,3,0,0,80,it Serie A,2,14.0,17,3,1,3,1,18.9,0.25,2.9,0.21,75,230,32.6,376,68,44.9,35.4,206,29,14.1,7,0.5,11.3
81,Sevilla,es La Liga,31,27.7,54.0,15,165,1350,15.0,17,14,31,15,2,2,50,1,13.6,12.3,10.7,23.0,254,489,1.93,1.62,81,es La Liga,31,15.0,17,158,44,27.8,10.53,2.93,0.09,0.34,17.7,3,2,2,13.6,12.3,0.08,3.4,2.7,81,es La Liga,31,15.0,5552,7021,79.1,103714,36731,14,10.7,10.3,3.3,130,434,101,30,489,81,es La Liga,31,15.0,7021,6261,716,224,10,67,234,292,77,37,25,0,5552,44,135,81,es La Liga,31,15.0,283,18.87,203,35,17,14,12,2,30,2.0,81,es La Liga,31,15.0,290,188,138,121,31,265,55.5,118,158,45,113,109,399,403,13,81,es La Liga,31,54.0,15.0,8796,953,3131,3789,1951,314,8794,266,107,40.2,131,49.2,4678,24520,12598,254,161,66,249,128,5515,484,81,es La Liga,31,27.7,15,1350,90,100,15.0,165,80,97,68,23,103,1.13,20,24,-4,-0.27,13.6,24.5,-10.9,-0.72,81,es La Liga,31,15.0,50,1,0,230,206,44,234,109,188,2,5,0,655,233,190,55.1,81,es La Liga,2,15,15,1350,15.0,24,1.6,70,46,71.4,5,2,8,3,20.0,5,4,0,1,81,es La Liga,2,15.0,24,4,1,1,0,24.7,0.31,0.7,0.05,68,209,32.5,445,70,35.5,34.5,198,4,2.0,11,0.73,11.6
82,St. Pauli,de Bundesliga,20,27.5,48.5,13,143,1170,13.0,11,7,18,10,1,2,23,0,11.1,9.5,7.5,17.0,173,507,1.31,1.43,82,de Bundesliga,20,13.0,11,143,42,29.4,11.0,3.23,0.07,0.24,19.6,4,1,2,11.1,9.5,0.07,-0.1,0.5,82,de Bundesliga,20,13.0,5318,6801,78.2,89812,33294,7,7.5,10.0,-0.5,102,458,100,18,507,82,de Bundesliga,20,13.0,6801,6158,614,150,19,26,264,284,67,22,36,0,5318,29,121,82,de Bundesliga,20,13.0,250,19.23,190,15,11,21,8,5,16,1.23,82,de Bundesliga,20,13.0,227,132,102,83,42,198,58.6,82,117,32,85,111,338,282,8,82,de Bundesliga,20,48.5,13.0,8179,716,2573,3688,1982,223,8177,150,66,44.0,77,51.3,3709,16831,8568,173,108,28,197,91,5256,504,82,de Bundesliga,20,27.5,13,1170,90,100,13.0,143,82,86,57,21,60,0.62,11,25,-14,-1.08,11.1,20.2,-9.1,-0.7,82,de Bundesliga,20,13.0,23,0,0,142,126,29,264,111,132,1,2,0,536,162,242,40.1,82,de Bundesliga,1,13,13,1170,13.0,25,1.92,71,44,64.8,2,2,9,1,7.7,2,0,2,0,82,de Bundesliga,1,13.0,25,0,0,1,0,27.1,0.36,2.1,0.16,34,119,28.6,410,57,27.8,28.9,105,11,10.5,14,1.08,13.4
83,Strasbourg,fr Ligue 1,25,21.8,52.0,15,165,1350,15.0,25,19,44,23,2,2,33,4,24.0,22.4,18.6,41.0,246,600,2.8,2.84,83,fr Ligue 1,25,15.0,25,164,60,36.6,10.93,4.0,0.14,0.38,16.2,9,2,2,24.0,22.4,0.14,1.0,0.6,83,fr Ligue 1,25,15.0,7105,8294,85.7,117957,39116,19,18.6,15.1,0.4,124,404,122,25,600,83,fr Ligue 1,25,15.0,8294,7616,653,227,50,11,227,237,49,15,25,3,7105,25,105,83,fr Ligue 1,25,15.0,290,19.33,202,24,16,20,16,12,41,2.73,83,fr Ligue 1,25,15.0,248,140,98,104,46,238,54.6,108,157,36,121,105,353,319,13,83,fr Ligue 1,25,52.0,15.0,9923,984,3471,4683,1849,287,9921,286,125,43.7,150,52.4,6294,26979,13328,246,167,55,246,127,7058,594,83,fr Ligue 1,25,21.8,15,1350,90,100,15.0,165,80,94,69,23,66,1.47,25,20,5,0.33,24.0,18.0,5.9,0.39,83,fr Ligue 1,25,15.0,33,4,1,180,207,25,227,105,140,2,3,1,665,152,126,54.7,83,fr Ligue 1,2,15,15,1350,15.0,20,1.33,58,38,69.0,7,1,7,6,40.0,3,2,1,0,83,fr Ligue 1,2,15.0,20,2,0,1,1,20.7,0.33,1.7,0.11,44,124,35.5,585,39,17.1,29.6,194,14,7.2,15,1.0,18.9
84,Stuttgart,de Bundesliga,24,25.4,58.0,13,143,1170,13.0,21,17,38,19,2,3,26,1,18.5,16.1,13.7,29.8,243,579,2.77,2.47,84,de Bundesliga,24,13.0,21,196,64,32.7,15.08,4.92,0.1,0.3,18.0,3,2,3,18.5,16.1,0.08,2.5,2.9,84,de Bundesliga,24,13.0,6164,7454,82.7,104257,36444,17,13.7,18.3,3.3,153,506,119,37,579,84,de Bundesliga,24,13.0,7454,6826,595,179,20,26,256,235,72,36,6,2,6164,33,114,84,de Bundesliga,24,13.0,363,27.92,280,30,15,21,12,5,39,3.0,84,de Bundesliga,24,13.0,177,107,83,73,21,146,56.8,63,143,44,99,121,298,351,6,84,de Bundesliga,24,58.0,13.0,8918,841,2467,4368,2157,321,8915,161,75,46.6,78,48.4,4983,24949,12651,243,179,66,197,106,6092,571,84,de Bundesliga,24,25.4,13,1170,90,100,13.0,143,83,81,63,16,54,1.69,21,22,-1,-0.08,18.5,19.3,-0.9,-0.07,84,de Bundesliga,24,13.0,26,1,0,137,154,33,256,121,107,3,4,1,541,220,186,54.2,84,de Bundesliga,1,13,13,1170,13.0,22,1.69,60,39,70.0,7,1,5,4,30.8,4,4,0,0,84,de Bundesliga,1,13.0,22,4,0,0,1,21.1,0.31,0.1,0.01,70,162,43.2,436,68,31.9,32.2,173,14,8.1,26,2.0,15.5
85,Sunderland,eng Premier League,25,25.9,42.1,15,165,1350,15.0,17,12,29,15,2,2,29,2,13.1,11.5,8.1,19.6,194,429,1.8,1.41,85,eng Premier League,25,15.0,17,142,42,29.6,9.47,2.8,0.11,0.36,16.2,2,2,2,13.1,11.5,0.08,3.9,3.5,85,eng Premier League,25,15.0,4623,6080,76.0,83907,30526,12,8.1,7.4,3.9,100,376,88,23,429,85,eng Premier League,25,15.0,6080,5421,635,168,20,30,241,249,54,44,1,2,4623,24,125,85,eng Premier League,25,15.0,248,16.53,171,33,14,15,10,5,30,2.0,85,eng Premier League,25,15.0,252,137,134,88,30,225,61.3,87,161,66,95,117,369,513,16,85,eng Premier League,25,42.1,15.0,7762,1041,2889,3325,1629,250,7760,188,80,42.6,94,50.0,4318,22027,11365,194,149,42,178,102,4561,425,85,eng Premier League,25,25.9,15,1350,90,100,15.0,165,82,105,59,20,76,1.53,18,17,1,0.07,13.1,20.8,-7.7,-0.52,85,eng Premier League,25,15.0,29,2,0,147,153,24,241,117,137,2,1,1,521,266,261,50.5,85,eng Premier League,1,15,15,1350,15.0,17,1.13,68,51,75.0,6,5,4,4,26.7,1,0,1,0,85,eng Premier League,1,15.0,17,0,0,2,1,18.2,0.27,2.2,0.15,74,289,25.6,506,50,41.3,35.9,261,29,11.1,20,1.33,12.3
86,Torino,it Serie A,25,27.8,43.1,14,154,1260,14.0,13,7,20,11,2,4,25,0,16.2,13.1,8.8,21.9,169,437,1.29,1.79,86,it Serie A,25,14.0,13,154,53,34.4,11.0,3.79,0.07,0.21,18.8,3,2,4,16.2,13.1,0.09,-3.2,-2.1,86,it Serie A,25,14.0,4253,5515,77.1,81609,31592,7,8.8,10.3,-1.8,112,384,104,42,437,86,it Serie A,25,14.0,5515,4879,612,153,11,29,249,235,57,27,24,0,4253,24,94,86,it Serie A,25,14.0,272,19.43,212,21,13,8,11,7,22,1.57,86,it Serie A,25,14.0,209,122,105,71,33,193,53.9,89,127,55,72,109,318,362,15,86,it Serie A,25,43.1,14.0,7082,904,2563,3044,1542,269,7078,181,82,45.3,77,42.5,3535,17706,8226,169,122,48,231,129,4220,435,86,it Serie A,25,27.8,14,1260,90,100,14.0,154,80,84,70,21,112,1.0,14,26,-12,-0.86,16.2,21.2,-4.9,-0.35,86,it Serie A,25,14.0,25,0,0,194,142,24,249,109,122,2,3,0,496,216,239,47.5,86,it Serie A,2,14,14,1260,14.0,26,1.86,61,35,62.3,3,5,6,5,35.7,3,3,0,0,86,it Serie A,2,14.0,26,3,0,4,0,20.8,0.31,-5.2,-0.37,99,260,38.1,363,54,53.7,38.2,191,8,4.2,12,0.86,16.4
87,Tottenham,eng Premier League,20,25.8,53.1,15,165,1350,15.0,24,20,44,24,0,0,38,0,14.8,14.8,11.2,26.0,275,528,2.93,1.73,87,eng Premier League,20,15.0,24,147,50,34.0,9.8,3.33,0.16,0.48,15.5,3,0,0,14.8,14.8,0.1,9.2,9.2,87,eng Premier League,20,15.0,5709,7156,79.8,103442,34979,20,11.2,10.3,8.8,103,453,102,40,528,87,eng Premier League,20,15.0,7156,6420,706,156,7,33,345,302,91,80,4,0,5709,30,132,87,eng Premier League,20,15.0,252,16.8,188,23,14,13,10,4,39,2.6,87,eng Premier League,20,15.0,296,178,132,129,35,233,57.9,98,154,37,117,103,399,415,19,87,eng Premier League,20,53.1,15.0,9002,1045,3148,3800,2162,328,9002,330,137,41.5,159,48.2,4925,26813,13141,275,177,60,269,161,5645,523,87,eng Premier League,20,25.8,15,1350,90,100,15.0,165,83,96,70,18,64,1.47,25,18,7,0.47,14.8,19.7,-4.9,-0.33,87,eng Premier League,20,15.0,38,0,0,173,128,30,345,103,178,0,1,0,646,215,257,45.6,87,eng Premier League,1,15,15,1350,15.0,18,1.2,62,44,72.6,6,4,5,5,33.3,1,1,0,0,87,eng Premier League,1,15.0,18,1,0,2,0,20.5,0.33,2.5,0.16,56,191,29.3,481,78,31.0,31.3,198,9,4.5,32,2.13,16.4
88,Toulouse,fr Ligue 1,22,24.7,41.6,15,165,1350,15.0,20,10,30,16,4,6,37,1,20.6,16.0,11.2,27.2,220,510,1.73,2.12,88,fr Ligue 1,22,15.0,20,182,52,28.6,12.13,3.47,0.09,0.31,16.2,3,4,6,20.6,16.0,0.09,-0.6,0.0,88,fr Ligue 1,22,15.0,4477,5760,77.7,82565,32189,10,11.2,13.4,-1.2,139,382,108,26,510,88,fr Ligue 1,22,15.0,5760,5115,630,179,19,24,254,248,70,43,20,0,4477,15,113,88,fr Ligue 1,22,15.0,317,21.13,209,44,19,25,11,9,33,2.2,88,fr Ligue 1,22,15.0,238,142,108,97,33,222,57.7,94,146,55,91,134,372,381,8,88,fr Ligue 1,22,41.6,15.0,7485,803,2408,3406,1768,365,7479,280,125,44.6,145,51.8,3933,19989,10528,220,138,78,220,130,4424,503,88,fr Ligue 1,22,24.7,15,1350,90,100,15.0,165,83,101,65,18,70,1.33,21,19,2,0.13,20.6,19.1,1.5,0.1,88,fr Ligue 1,22,15.0,37,1,0,216,166,15,254,134,142,5,4,0,619,241,200,54.6,88,fr Ligue 1,1,15,15,1350,15.0,19,1.27,46,27,67.4,5,5,5,5,33.3,4,4,0,0,88,fr Ligue 1,1,15.0,19,4,0,3,0,18.9,0.34,-0.1,-0.01,72,184,39.1,332,47,44.0,34.1,206,16,7.8,14,0.93,13.1
89,Udinese,it Serie A,26,26.8,48.1,14,154,1260,14.0,15,10,25,13,2,2,27,0,15.3,13.8,9.5,23.2,218,417,1.64,1.77,89,it Serie A,26,14.0,15,174,53,30.5,12.43,3.79,0.07,0.25,18.9,5,2,2,15.3,13.8,0.08,-0.3,-0.8,89,it Serie A,26,14.0,4482,5708,78.5,85941,31331,10,9.5,8.8,0.5,130,357,92,22,417,89,it Serie A,26,14.0,5708,5023,669,190,4,20,236,268,69,45,12,0,4482,16,109,89,it Serie A,26,14.0,290,20.71,208,29,15,19,15,4,26,1.86,89,it Serie A,26,14.0,230,140,105,104,21,195,55.4,87,136,48,88,110,340,424,9,89,it Serie A,26,48.1,14.0,7404,852,2478,3262,1743,291,7402,238,95,39.9,121,50.8,3941,20892,10044,218,165,53,232,113,4436,415,89,it Serie A,26,26.8,14,1260,90,100,14.0,154,80,86,68,22,132,1.29,15,22,-7,-0.5,15.3,17.7,-2.4,-0.17,89,it Serie A,26,14.0,27,0,0,196,160,16,236,110,140,1,5,0,526,235,191,55.2,89,it Serie A,2,14,14,1260,14.0,22,1.57,55,32,67.3,5,3,6,3,21.4,5,4,1,0,89,it Serie A,2,14.0,22,4,1,3,0,20.3,0.31,-1.7,-0.12,71,192,37.0,365,39,39.7,36.1,183,7,3.8,19,1.36,15.2
90,Union Berlin,de Bundesliga,21,27.7,36.6,13,143,1170,13.0,16,9,25,16,0,2,30,1,14.8,13.2,9.3,22.5,128,336,1.92,1.86,90,de Bundesliga,21,13.0,16,158,43,27.2,12.15,3.31,0.1,0.37,16.2,1,0,2,14.8,13.2,0.09,1.2,2.8,90,de Bundesliga,21,13.0,3151,4550,69.3,59684,24790,9,9.3,10.2,-0.3,115,256,72,27,336,90,de Bundesliga,21,13.0,4550,3906,619,166,7,17,260,247,71,33,34,0,3151,25,105,90,de Bundesliga,21,13.0,255,19.62,156,41,6,25,21,6,22,1.69,90,de Bundesliga,21,13.0,179,114,82,75,22,170,47.6,89,137,49,88,114,293,434,6,90,de Bundesliga,21,36.6,13.0,6154,756,2115,2640,1456,272,6152,148,59,39.9,83,56.1,2918,13728,6837,128,86,30,231,111,3121,328,90,de Bundesliga,21,27.7,13,1170,90,100,13.0,143,81,81,61,20,56,1.15,16,22,-6,-0.46,14.8,18.9,-4.1,-0.32,90,de Bundesliga,21,13.0,30,1,0,176,143,25,260,114,114,2,3,0,512,276,270,50.5,90,de Bundesliga,1,13,13,1170,13.0,22,1.69,60,38,68.3,4,3,6,3,23.1,3,3,0,0,90,de Bundesliga,1,13.0,22,3,0,2,0,21.4,0.32,-0.6,-0.05,83,271,30.6,345,52,54.2,39.2,196,18,9.2,11,0.85,12.5
91,Valencia,es La Liga,21,26.9,47.2,15,165,1350,15.0,14,12,26,14,0,1,28,1,15.7,14.9,11.2,26.2,227,527,1.73,1.8,91,es La Liga,21,15.0,14,159,42,26.4,10.6,2.8,0.09,0.33,17.5,8,0,1,15.7,14.9,0.1,-1.7,-0.9,91,es La Liga,21,15.0,5340,6732,79.3,95965,33580,12,11.2,11.2,0.8,97,418,76,19,527,91,es La Liga,21,15.0,6732,5998,713,208,17,51,267,279,73,20,44,0,5340,21,109,91,es La Liga,21,15.0,273,18.2,202,17,14,24,11,5,23,1.53,91,es La Liga,21,15.0,231,127,121,84,26,201,60.2,80,142,46,96,115,346,420,7,91,es La Liga,21,47.2,15.0,8407,977,2953,3716,1824,255,8406,251,102,40.6,118,47.0,4368,23326,11656,227,159,54,204,102,5288,527,91,es La Liga,21,26.9,15,1350,90,100,15.0,165,80,91,73,22,104,1.0,14,23,-9,-0.6,15.7,21.0,-5.2,-0.35,91,es La Liga,21,15.0,28,1,0,182,165,21,267,115,127,1,3,1,557,173,196,46.9,91,es La Liga,1,15,15,1350,15.0,23,1.53,67,44,68.7,3,6,6,4,26.7,3,2,1,0,91,es La Liga,1,15.0,23,2,0,3,1,20.1,0.27,-1.9,-0.13,60,184,32.6,363,61,36.9,33.1,194,22,11.3,30,2.0,15.5
92,Villarreal,es La Liga,26,26.6,47.2,15,165,1350,15.0,31,21,52,30,1,1,37,1,24.9,24.1,18.7,42.8,318,591,3.4,2.9,92,es La Liga,26,15.0,31,198,74,37.4,13.2,4.93,0.15,0.41,16.4,2,1,1,24.9,24.1,0.13,6.1,5.9,92,es La Liga,26,15.0,5899,7134,82.7,102538,35163,21,18.7,18.8,2.3,154,461,124,29,591,92,es La Liga,26,15.0,7134,6464,636,171,35,40,213,268,67,45,8,0,5899,34,102,92,es La Liga,26,15.0,353,23.53,265,31,22,18,15,2,46,3.07,92,es La Liga,26,15.0,268,164,130,104,34,271,59.4,110,175,63,112,134,402,365,19,92,es La Liga,26,47.2,15.0,8865,933,2973,3749,2246,397,8864,286,123,43.0,129,45.1,5189,25441,14385,318,219,103,239,121,5859,588,92,es La Liga,26,26.6,15,1350,90,100,15.0,165,80,89,75,22,95,2.33,31,13,18,1.2,24.9,16.2,8.7,0.58,92,es La Liga,26,15.0,37,1,1,189,163,34,213,134,164,1,3,0,619,145,159,47.7,92,es La Liga,2,15,15,1350,15.0,13,0.87,49,35,77.6,11,2,2,7,46.7,3,2,1,0,92,es La Liga,2,15.0,13,2,1,0,0,13.6,0.23,0.6,0.04,27,122,22.1,283,67,32.5,37.8,204,16,7.8,22,1.47,12.3
93,Werder Bremen,de Bundesliga,23,25.3,49.2,13,143,1170,13.0,18,13,31,16,2,3,37,2,16.2,13.8,11.6,25.4,206,501,2.23,2.13,93,de Bundesliga,23,13.0,18,161,56,34.8,12.38,4.31,0.1,0.29,18.8,5,2,3,16.2,13.8,0.09,1.8,2.2,93,de Bundesliga,23,13.0,5341,6618,80.7,98187,33545,13,11.6,12.9,1.4,119,386,110,32,501,93,de Bundesliga,23,13.0,6618,6013,585,135,16,45,202,251,54,11,28,0,5341,20,107,93,de Bundesliga,23,13.0,282,21.69,218,18,14,14,12,6,34,2.62,93,de Bundesliga,23,13.0,223,123,107,95,21,220,50.9,108,170,55,115,119,342,406,7,93,de Bundesliga,23,49.2,13.0,8194,1035,2917,3580,1764,258,8191,180,75,41.7,98,54.4,4463,22022,11298,206,154,45,210,95,5307,494,93,de Bundesliga,23,25.3,13,1170,90,100,13.0,143,83,87,55,17,62,1.23,18,24,-6,-0.46,16.2,22.9,-6.8,-0.52,93,de Bundesliga,23,13.0,37,2,2,126,118,20,202,119,123,2,3,1,513,171,151,53.1,93,de Bundesliga,2,13,13,1170,13.0,24,1.85,71,48,70.4,4,4,5,3,23.1,3,3,0,0,93,de Bundesliga,2,13.0,24,3,0,2,1,24.0,0.31,1.0,0.07,34,99,34.3,403,80,19.1,29.7,206,22,10.7,19,1.46,17.6
94,West Ham,eng Premier League,27,27.2,42.7,15,165,1350,15.0,16,9,25,15,1,1,26,2,15.3,14.5,9.1,23.6,176,434,1.6,1.63,94,eng Premier League,27,15.0,16,151,52,34.4,10.07,3.47,0.1,0.29,16.1,3,1,1,15.3,14.5,0.1,0.7,0.5,94,eng Premier League,27,15.0,4715,6126,77.0,81107,29643,9,9.1,8.4,-0.1,113,351,87,24,434,94,eng Premier League,27,15.0,6126,5377,724,174,22,40,259,279,84,50,25,0,4715,25,122,94,eng Premier League,27,15.0,258,17.2,172,29,21,21,9,6,22,1.47,94,eng Premier League,27,15.0,212,126,108,80,24,185,53.0,87,179,73,106,124,336,517,8,94,eng Premier League,27,42.7,15.0,7976,1092,2832,3469,1753,254,7975,254,105,41.3,117,46.1,3869,21095,10203,176,145,52,220,124,4671,427,94,eng Premier League,27,27.2,15,1350,90,100,15.0,165,83,109,54,21,81,0.87,17,29,-12,-0.8,15.3,25.1,-9.8,-0.65,94,eng Premier League,27,15.0,26,2,1,156,150,25,259,124,126,1,2,0,555,232,249,48.2,94,eng Premier League,2,15,15,1350,15.0,29,1.93,78,49,65.4,3,4,8,1,6.7,2,2,0,0,94,eng Premier League,2,15.0,29,2,0,10,0,26.6,0.33,-2.4,-0.16,87,295,29.5,373,73,50.7,39.8,282,14,5.0,2,0.13,6.0
95,Wolfsburg,de Bundesliga,26,25.8,45.2,13,143,1170,13.0,17,15,32,16,1,1,27,1,17.1,16.3,13.7,30.1,152,371,2.38,2.37,95,de Bundesliga,26,13.0,17,155,52,33.5,11.92,4.0,0.1,0.31,17.4,4,1,1,17.1,16.3,0.11,-0.1,-0.3,95,de Bundesliga,26,13.0,4483,5720,78.4,82767,29854,15,13.7,13.6,1.3,126,310,71,24,371,95,de Bundesliga,26,13.0,5720,5112,595,156,24,24,181,226,48,30,15,0,4483,13,122,95,de Bundesliga,26,13.0,279,21.46,209,27,8,17,12,6,32,2.46,95,de Bundesliga,26,13.0,188,119,101,68,19,179,48.6,92,157,50,107,139,327,488,6,95,de Bundesliga,26,45.2,13.0,7343,1190,3075,2871,1441,236,7342,132,48,36.4,77,58.3,3858,16952,8467,152,106,48,187,98,4438,370,95,de Bundesliga,26,25.8,13,1170,90,100,13.0,143,82,86,57,19,60,0.92,17,23,-6,-0.46,17.1,21.0,-3.9,-0.3,95,de Bundesliga,26,13.0,27,1,1,147,131,13,181,139,119,1,5,0,451,187,199,48.4,95,de Bundesliga,1,13,13,1170,13.0,23,1.77,63,38,66.7,3,3,7,1,7.7,5,2,2,1,95,de Bundesliga,1,13.0,23,2,1,4,0,24.6,0.34,1.6,0.12,52,200,26.0,422,71,32.2,32.7,301,14,4.7,13,1.0,11.6
96,Wolves,eng Premier League,25,26.8,46.8,15,165,1350,15.0,7,5,12,6,1,1,31,2,13.1,12.3,8.5,20.9,204,434,0.73,1.44,96,eng Premier League,25,15.0,7,134,42,31.3,8.93,2.8,0.04,0.14,17.4,7,1,1,13.1,12.3,0.09,-6.1,-6.3,96,eng Premier League,25,15.0,5208,6667,78.1,98321,34738,5,8.5,9.4,-3.5,96,429,115,55,434,96,eng Premier League,25,15.0,6667,5986,660,166,11,29,307,296,44,34,7,0,5208,21,131,96,eng Premier League,25,15.0,244,16.27,180,24,10,10,15,5,13,0.87,96,eng Premier League,25,15.0,314,174,156,108,50,275,57.5,117,178,68,110,136,450,444,16,96,eng Premier League,25,46.8,15.0,8484,1059,2916,3837,1819,299,8483,211,95,45.0,94,44.5,4431,22670,11333,204,163,31,246,133,5166,431,96,eng Premier League,25,26.8,15,1350,90,100,15.0,165,80,94,69,22,66,0.13,8,33,-25,-1.67,13.1,22.8,-9.7,-0.65,96,eng Premier League,25,15.0,31,2,0,218,146,21,307,136,174,1,1,2,596,250,239,51.1,96,eng Premier League,2,15,15,1350,15.0,33,2.2,73,42,56.2,0,2,13,0,0.0,1,1,0,0,96,eng Premier League,2,15.0,33,1,1,3,2,24.9,0.33,-6.1,-0.4,123,321,38.3,481,69,52.0,40.7,237,12,5.1,23,1.53,14.6
